Title,Authors,Abstract,Published Year,Published Month,Journal,Volume,Issue,Pages,Accession Number,DOI,Ref,Covidence #,Study,Notes,Tags
Nonvocational Outcomes from a Randomized Controlled Trial of Two Employment Interventions for Homeless Youth,"Ferguson, Kristin M.","Purpose: This randomized controlled trial compared the efficacy between the Social Enterprise Intervention (SEI) and Individual Placement and Support (IPS) with homeless youth with mental illness to assess their impact on nonvocational outcomes. Method: Seventy-two homeless youth were recruited from one agency and randomized to the SEI (n = 36) or IPS (n = 36) conditions. Over 20 months, SEI participants received four SEI components, and IPS participants received eight IPS components. Data were collected on mental health, housing, and social support outcomes at baseline and one follow-up period. Results: Findings from mixed analysis of variance indicate that both SEI and IPS participants displayed statistically significant changes in their self-esteem, attention-deficit/hyperactivity disorder (ADHD) problems, inattention problems, living in a shelter, and living in a private residence. Conclusions: This is the first study to demonstrate the comparative efficacy and short-term nonvocational outcomes of SEI and IPS with homeless youth with mental illness. Assessment of long-term outcomes of both interventions is warranted. [Paper presented at the Stockholm Conference on Behavioral and Social Intervention Research, 11-12 May, 2017.]",2018,,Research on Social Work Practice,28,5,603-618,"SAGE Publications. 2455 Teller Road, Thousand Oaks, CA 91320. Tel: 800-818-7243; Tel: 805-499-9774; Fax: 800-583-2665; e-mail: journals@sagepub.com; Web site: http://sagepub.com",10.1177/1049731517709076,,#5,Ferguson 2018,,
Increasing Identification of Homeless Students: An Experimental Evaluation of Increased Communication Incorporating Behavioral Insights,"Shephard, Daniel D.; Hall, Crystal C.; Lamberton, Cait","Over 1.5 million students in the United States experience homelessness. These students are entitled to educational support through the Education for Homeless Children and Youth program. However, many homeless students are not identified and therefore never receive this support. Across 1,732 local education agencies in New Jersey, New Mexico, and New York, we conducted a randomized controlled trial of increased email communication incorporating behavioral insights targeting homeless liaison staff in order to increase the identification of homeless students. The intervention had an impact on the mean number of identified homeless students among the treatment local education agencies (3.62, 90% CI [0.32, 6.92], p = 0.07). The impact remained when outliers with high leverage were removed (1.51 CI [0.24, 2.79], p = 0.05). Within this sample, our analysis indicates that more than 3,000 additional homeless students were identified with a low-cost, low-intensity, behavioral intervention during the second semester.",2021,,Educational Researcher,50,4,239-248,"SAGE Publications. 2455 Teller Road, Thousand Oaks, CA 91320. Tel: 800-818-7243; Tel: 805-499-9774; Fax: 800-583-2665; e-mail: journals@sagepub.com; Web site: http://sagepub.com",10.3102/0013189X20981067,,#21,Shephard 2021,,
'I Need to Get My Culture Back': Youth and Provider Perspectives on Integrating Culturally Based Approaches into Sexual and Reproductive Health Programs for Native Hawaiian and Pacific Islander Youth Experiencing Homelessness,Charlene Kuo; Michelle Jasczynski; Jee Hun Yoo; Jennifer L. Robinson; Katelyn Reynolds; Lisa Anoruo; Kayla Bae; Lana Sue Ka'opua; Rebecca Chavez; Jacqueline Tellei; Elizabeth M. Aparicio,"There is growing interest in decolonizing sexual and reproductive health (SRH) and embedding cultural practices into social and medical services in Hawai'i. Wahine (""woman"") Talk is a multilevel, comprehensive SRH program for female youth experiencing homelessness (YEH) led by community health, social work, and medical providers. This study examines youth and program provider perspectives of culturally based approaches that may strengthen SRH programs. The study team conducted three focus groups and ten in-depth interviews with participating youth and program providers after the program's conclusion. Youth participants were aged 14 to 22 years (M = 18.1) and of Native Hawaiian or Pacific Islander ancestry. Interview transcripts were analyzed using structured thematic analysis. The youth described feeling estranged from their ancestral cultures and suggested incorporating multiple cultural practices to enhance their connection to community, body, and land into SRH programming for YEH. They identified several ?aina (""land"")--based approaches, hands-on learning, hula, and language as possible practices to weave into the program. While youth felt estranged from their ancestral cultures, they discussed Native Hawaiian and Pacific Islander health perspectives where ?aina and relationships are considered life-sustaining. Youth and program staff stressed incorporating culture respectfully, caring for the whole person, and providing trauma-informed care. Future policy, practice, and research should consider protecting and integrating Native Hawaiian conceptions of health into SRH policy and practice and include youths' cultural identities in SRH intervention development.",2023,,Prevention Science,24,2,209-221,"Springer. Available from: Springer Nature. One New York Plaza, Suite 4600, New York, NY 10004. Tel: 800-777-4643; Tel: 212-460-1500; Fax: 212-460-1700; e-mail: customerservice@springernature.com; Web site: https://link.springer.com/",10.1007/s11121-023-01573-7,,#40,CharleneKuo 2023,,
Extended foster care and homelessness: Assessing the impact of the Fostering Connections to Success and Increasing Adoptions Act on rates of homelessness among youth,"Spindle-Jackson, A.; Byrne, T.; Collins, M.E.","Youth aging out of foster care experience high rates of homelessness during young adulthood. This study assessed the impact of states’ extension of foster care through age 21 under the federal Fostering Connections to Success and Increasing Adoptions Act of 2008 on state-level rates of homelessness among all youth ages 18–24, which we used as a proxy to assess impact on the legislation's target population. To do so, we leveraged data from the U.S. Department of Housing and Urban Development, the Census Bureau and several other publicly available data sources to construct a novel state-level panel dataset that allowed us to capture changes in rates of homelessness among youth ages 18–24 and extended foster care policies in all 50 states for the eight-year period from 2013 to 2020. Employing a difference-in-difference approach, we found evidence of an anticipated lagged effect of extended foster care, wherein the implementation of extended foster care is associated with a 23 % reduction in the total rate of youth homelessness four years later. This effect persists in years five to six after states adopt this policy change. We found no evidence of a similar effect of extended foster care on rates of homelessness among persons not between the ages of 18–24. Our findings provide important evidence about the impact of the Fostering Connections Act and suggest that extending the age of foster care eligibility may create important safety nets and pathways that support a reduction in rates of homelessness among former foster youth. © 2024 Elsevier Ltd",2024,,Child. Youth Serv. Rev.,164,,,,10.1016/j.childyouth.2024.107820,,#77,Spindle-Jackson 2024,,
"A feasibility (pilot) mixed methods study of an innovative non-pharmacological breath-based yoga and social-emotional intervention program in an at-risk youth sample in London, Canada","Vasudev, A.; Ionson, E.; Sathiaselan, J.; Thatipalli, A.; Chauhan, A.; Hassan, C.; Sukhera, J.; Speechley, M.; Forchuk, C.","Background: Various service provision models for youth at risk of homelessness have been researched and implemented, including access to housing and physical and mental health resources. However, even with these interventions, we remain unaware of how best to manage symptoms of depression and anxiety and the rate of drug use in these populations primarily because of a lack of feasibility data. Methods: This paper presents the results of a mixed-methods study in London, Canada, that examined the feasibility of implementing a biopsychosocial intervention, SKY Schools, in at-risk youth aged between 16 and 25 (n = 49). The study also recorded qualitative responses about the program’s usefulness from the perspective of the service users. The SKY Schools intervention consisted of social-emotional learning combined with Sudarshan Kriya Yoga, a standardized yoga-based breathing exercise routine. The intervention program was divided into two phases: an active learning phase and a reinforcement phase. The following feasibility outcome measures were collected: (1) the number of potential participants approached per month, (2) number (proportion) who were successfully screened, (3) the proportion of screened participants who enrolled, (4) the rate of retention in the study, (5) rate of adherence to study protocol, (6) proportion of planned ratings that were completed, (7) intervention cost per case, (8) completeness of final data for analysis, (9) length of time to collect all data, (10) quality of all collected data, (11) determining if partnering community organizations were willing to conduct the study as per study protocol, (12) determining if there were any capacity issues with partners providing intervention and investigators being able to perform the tasks that they were committed to doing, (13) determining if there were any problems of entering the data into a computer, (14) preliminary data about the safety of the intervention, and (15) preliminary estimate of treatment effects. Results: All feasibility outcome measures were collectible. In the city of London, Canada it was feasible to conduct a pilot study in this population of youth at risk of homelessness. Foremost among the findings was a high retention rate (61.2%) and overall positive qualitative feedback with a number of potential suggestions to improve the delivery and quality of the intervention. However, we had a significantly low recruitment rate (0.27 participants per week) suggesting that multiple sites will be needed to achieve an adequate sample size for a subsequent definitive trial. Conclusions: Future researchers may consider the findings of this feasibility study when designing a randomized control trial to further assess the efficacy and tolerability of SKY Schools. Trial registration: Trial registration: Clinicaltrials.gov, identifier NCT02749240. Registered April 22, 2016, https://clinicaltrials.gov/ct2/show/NCT02749240. © The Author(s) 2024.",2024,,Pilot Feasibility Stud.,10,1,,,10.1186/s40814-024-01452-0,,#79,Vasudev 2024,,
Psychological capital variables as protective factors in indigenous youth experiencing homelessness,"Rew, L.; Kelley, M.; Preston, A.","Indigenous youth in the United States are at high-risk for experiencing homelessness related to adverse childhood experiences such as parental substance use and low educational attainment. Such experiences may lead to adverse physical and mental health issues; these youth also have positive attributes of psychological capita (hope, self-efficacy, resilience, optimism) that are related to health outcomes. The purpose of this secondary analysis was to describe demographic attributes and psychological capital in Indigenous youth experiencing homelessness (IYEH) who participated in a longitudinal intervention study related to safe sex behaviors and life satisfaction. From a total of 602, Indigenous participants (n = 111; mean age 21.25 ± 1.82 years) were recruited from drop-in centers in Austin, Texas and Columbus, Ohio. Data were collected immediately after the intervention and at 3- and 6-month intervals. For this analysis, only data collected at the final time-point were used. Valid scales with Cronbach alphas of 0.75–0.92 (Hope, Resilience, Optimism, Self-efficacy for Substance Refusal, Self-efficacy for Safer Sex, Safe Sex Behaviors, Social Connectedness, and Life Satisfaction) were used. The majority of the IYEH reported smoking, drinking, and using drugs. Psychological capital variables of hope, self-efficacy for negotiating safer sex, resilience, and optimism were significantly related to one another, but not to safe sex behaviors or intention to use condoms. Resilience and optimism were significantly related to social connectedness but not to other psychological capital variables. Life satisfaction was significantly associated with hope, resilience, and optimism. Findings have implications for further theory and research development. © 2024 Elsevier Inc.",2024,,Arch. Psychiatr. Nurs.,51,,235-240,,10.1016/j.apnu.2024.06.009,,#82,Rew 2024,,
"Campus Support Program Service Use by Students Who Experienced Foster Care, Relative Care, or Homelessness","Jackson, L.A.; Schelbe, L.; Geiger, J.M.; Schoborg, C.","Campus support programs (CSPs) in higher education institutions seek to address the barriers encountered by students who experienced foster care or homelessness (SEFC/H). This mixed methods study of a CSP at Florida State University examined the SEFC/H’s service use and students’ perceptions of the CSP to better understand student experiences. Study participants included 54 CSP students who graduated between 2015 and 2020. They completed surveys at graduation and six months and one year post-graduation. Students reported service use and perceptions of the services’ helpfulness. They described what they valued in the CSP and what the CSP could have done to better prepare them for life after graduation. Findings show a high level of service use and perceptions of helpfulness. Students reported valuing the support; resources; physical space; sense of belonging, community, family, and home; growth and motivation; and success because of their CSP involvement. Areas where students believed the CSP could better prepare them for life after graduation included finances, graduate school, career planning, life skills, and connections. Implications for CSP include assisting SEFC/H with (a) planning and life skills, (b) financial literacy and money, and (c) mentors and connections. © 2024 Jackson et al.",2024,,J. Postsecond. Stud. Success.,3,4,47-78,,10.33009/fsop_jpss134703,,#99,Jackson 2024,,
Positive and Negative Experiences With Supportive Services and Programming: Gaps and Recommendations From Youth Experiencing Homelessness,"Tan, J.Y.; Ratliff, G.A.; Lund, I.; Adams, S.; Auerswald, C.; Lightfoot, M.","Services for youth experiencing homelessness (YEH) are designed with limited input from the youth themselves. This study explored the experiences and recommendations for services aimed at mitigating the negative effects of homelessness among youth. A total of 45 interviews were conducted with YEH (ages 15 to 24, M = 21.5 years) who experienced at least one night of homelessness. Transcripts were coded by using a modified constructivist grounded theory approach. YEH reported myriad challenges to navigating disjointed programming and misguided policies. Recommendations from YEH for policy and programmatic change include peacekeeping and diffusion training for program staff, trauma-informed approaches, and conflict resolution among agency staff; and integrate creative outlets and transitional services into existing programs. Programming supporting YEH must extend beyond meeting only basic needs to creating opportunities for safety, autonomy, and growth. Programs targeting youth homelessness need input from YEH in their design and implementation. © The Author(s) 2023.",2024,,Youth Soc.,56,3,500-518,,10.1177/0044118X231183729,,#100,Tan 2024,,
Mediation of Psychological Capital in Youth Experiencing Homelessness,"Rew, L.; Slesnick, N.; Kesler, S.; Rhee, H.","Background Youth who experience homelessness engage in behaviors that place them at high risk for disease and injury. Despite their health risk behaviors, these youth display psychological capital, positive attributes of hope, efficacy, resilience, and optimism that motivate them to engage in health-promoting behaviors such as safer sex. However, this array of positive psychological attributes has not been studied in this vulnerable population. Objectives The specific aim of this analysis was to determine whether factors of psychological capital mediated the relationship between background risk factors (e.g., race/ethnicity, educational attainment, reason for being homeless, sexual abuse history, and HIV status) and outcomes of condom intention, safer sex behaviors, and life satisfaction among youth who participated in a longitudinal intervention study. Methods Using a Solomon four-group design, 602 youth were recruited from drop-in centers in two large cities (Columbus, Ohio, and Austin, Texas) to participate in a brief intervention that included outcomes of enhanced communication skills, goal setting, safer sex behaviors, drug refusal skills, and life satisfaction. Using an autoregressive, cross-lagged, longitudinal mediation model, we tested the direct and indirect effects of background factors, psychological capital, and intervention outcomes. Models were tested for the intervention group alone and the total sample. Results There were no significant direct or indirect effects of background factors on intervention outcomes among the intervention group, and the model fit was poor. There were also no significant mediating paths via factors of psychological capital and poor model fit for the combined group. Discussion Findings provide important information about intrinsic strengths of youth experiencing homelessness and psychological capital as a significant construct for understanding health behaviors among disadvantaged and underserved youth. The lack of significant mediation effects may have been due, in part, to the lack of a robust measure of psychological capital. Further study with various background factors and outcomes would contribute further to our understanding of how best to support this population.  © Wolters Kluwer Health, Inc. All rights reserved.",2024,,Nurs. Res.,73,3,188-194,,10.1097/NNR.0000000000000722,,#114,Rew 2024,,
"How do Students Involved with a Campus Support Program for Students with a History of Foster Care, Relative Care, or Homelessness Fare After Graduation?","Schelbe, L.; Geiger, J.M.; Schoborg, C.; Jackson, L.A.","Background: Postsecondary education can provide opportunities for students from traditionally hidden populations like those who have experienced foster care or homelessness. To assist these students, campus support programs (CSPs) provide a wide range of services and activities. Objective: Evidence of the impact of CSPs is limited, and little is known about how students who were involved in CSPs fare at or after graduation. This study seeks to address these gaps in knowledge. Methods: This mixed-methods study surveyed 56 young people involved in a CSP for college students who have experienced foster care, relative care, or homelessness. Participants completed surveys at graduation, 6 months post-graduation, and one-year post-graduation. Results: At graduation, over two-thirds of the students felt completely (20.4%) or fairly (46.3%) prepared for life after graduation. Most felt completely (37.0%) or fairly confident (25.9%) that they would get a job after graduation. Six months after graduation, 85.0% of the graduates were employed, with 82.2% working at least full-time. 45% of the graduates were enrolled in graduate school. These numbers were similar a year after graduation. Post-graduation, participants described areas of their lives that were going well, obstacles and hardships faced, changes they would like to see in their lives, and post-graduation needs. Across these areas themes were present in the areas of finances, work, relationships, and resilience. Conclusions: Institutions of higher education and CSP should assist students with a history of foster care, relative care, and homelessness to ensure that after graduation, they have adequate money, employment, and support. © 2023, The Author(s), under exclusive licence to Springer Science+Business Media, LLC, part of Springer Nature.",2024,,Child Youth Care Forum,53,1,25-49,,10.1007/s10566-023-09746-9,,#138,Schelbe 2024,,
Promoting COVID-19 Vaccine Confidence and Access among Youth Experiencing Homelessness: Community-Engaged Public Health Practice,"Osman, I.; Sieving, R.; Vasilakos, L.; Pierson, K.; Elgonda, A.; Bartlett, T.; Gewirtz O’Brien, J.R.","Background: Youth experiencing homelessness (YEH) face a wide range of complex barriers to COVID-19 vaccine confidence and access. Objectives: Describe our process for engaging a cross-sector team centering equity and youth voice; outline our intervention strategies to enhance COVID-19 vaccine confidence and access among YEH; and discuss lessons learned through this community-engaged process. Methods: We engaged partners from across sectors, includ-ing youth-serving agencies, healthcare organizations, public health organizations, and YEH. We used focus groups, key informant interviews, and other community engagement strategies to develop and implement a series of interventions aimed to increase COVID-19 vaccine confidence and access among YEH. Results: We identified youths’ key concerns about vaccine confidence and access. To address these concerns, we implemented four community-driven interventions: youth-friendly messaging, health events, vaccine aftercare kits, and staff training. Conclusions: This community-engaged project highlighted the value of cross-sector partnership and consistent youth engagement in addressing vaccine confidence among YEH. © 2024 Johns Hopkins University Press.",2024,,Prog. Community Health Partnerships Res. Educ. Action,18,1,79-89,,10.1353/cpr.2024.a922332,,#140,Osman 2024,,
"Where’s the Disconnect? Exploring Pathways to Healthcare Coordinated for Youth Experiencing Homelessness in Toronto, Canada, Using Grounded Theory Methodology","Hudani, A.; Labonté, R.; Yaya, S.","About 900 youth experiencing homelessness (YEH) reside at an emergency youth shelter (EYS) in Toronto on any given night. Several EYSs offer access to healthcare based on youths’ needs, including access to primary care, and mental health and addictions support. However, youth also require healthcare from the broader health system, which is often challenging to navigate and access. Currently, little is known about healthcare coordination efforts between the EYS and health systems for YEH. Using grounded theory methodology, we interviewed 24 stakeholders and concurrently analyzed and compared data to explore pathways to healthcare coordinated for youth who reside at an EYS in Toronto. We also investigated fundamental parts (i.e., norms, resources, regulations, and operations) within the EYS and health systems that influence these pathways to healthcare using thematic analysis. A significant healthcare coordination gap was found between these two systems, typically when youth experience crises, often resulting in a recurring loop of transition and discharge between EYSs and hospitals. Several parts within each system act interdependently in hindering adequate healthcare coordination between the EYS and health systems. Incorporating training for system staff on how to effectively coordinate healthcare and work with homeless populations who have complex health needs, and rethinking information-sharing policies within circles of care are examples of how system parts can be targeted to improve healthcare coordination for YEH. Establishing multidisciplinary healthcare teams specialized to serve the complex needs of YEH may also improve healthcare coordination between systems, and access and quality of healthcare for this population. © The Author(s) 2023.",2024,,Qual. Health Res.,34,4,298-310,,10.1177/10497323231208417,,#153,Hudani 2024,,
"Bounding systems: A qualitative study exploring healthcare coordination between the emergency youth shelter system and health system in Toronto, Canada","Hudani, A.; Schwan, K.; Labonté, R.; Yaya, S.","Background Several youth staying at emergency youth shelters (EYSs) in Toronto experience poorly coordinated care for their health needs, as both the EYS and health systems operate largely in silos when coordinating care for this population. Understanding how each system is structurally and functionally bound in their healthcare coordination roles for youth experiencing homelessness (YEH) is a preliminary step to identify how healthcare coordination can be strengthened using a system thinking lens, particularly through the framework for transformative system change. Methods Forty-six documents, and twenty-four semi-structured interviews were analyzed to explore how the EYS and health systems are bound in their healthcare coordination roles. We continuously compared data collected from documents and interviews using constant comparative analysis to build a comprehensive understanding of each system's layers, and the niches (i.e., programs and activities), organizations and actors within these layers that contribute to the provision and coordination of healthcare for YEH, within and between these two systems. Results The EYS and health systems are governed by different ministries, have separate mandates, and therefore have distinct layers, niches, and organizations respective to coordinating healthcare for YEH. While neither system takes sole responsibility for this task, several government, research, and community-based efforts exist to strengthen healthcare coordination for this population, with some overlap between systems. Several organizations and actors within each system are collaborating to develop relevant frameworks, policies, and programs to strengthen healthcare coordination for YEH. Findings indicate that EYS staff play a more active role in coordinating care for YEH than health system staff. Conclusion A vast network of organizations and actors within each system layer, work both in silos and collaboratively to coordinate health services for YEH. Efforts are being made to bridge the gap between systems to improve healthcare coordination, and thereby youths' health outcomes.  © 2024 Hudani et al. This is an open access article distributed under the terms of the Creative Commons Attribution License, which permits unrestricted use, distribution, and reproduction in any medium, provided the original author and source are credited.",2024,,PLoS ONE,19,6-Jun,,,10.1371/journal.pone.0303655,,#164,Hudani 2024,,
Identifying Novel Motivation Phase-Specific Cessation Targets for Youth Experiencing Homelessness in the United States,"Nemeth, J.M.; Glasser, A.M.; Macisco, J.; Hinton, A.; Wermert, A.; Patterson, J.G.; Sucaldito, A.; Gilson, C.; Kemble, H.; Garbsch, E.; Caponi, J.","Introduction: Of youth experiencing homelessness (YEH; 14–24 years old), 70%+ smoke combustible, commercial tobacco. Though many have tried to quit, most use ineffective methods. Drop-in centers for YEH are opportune places to link YEH to evidence-based treatment. Using the Phase-Based Model (PBM) for Cessation Research, the aim of this study was to identify “Motivation” phase-specific challenges impacting YEH’s willingness to make a quit attempt—the goal of this cessation phase. Aims and Methods: Surveys were interview administered with 96 past-week combusted tobacco users accessing drop-in services. Regression models were fit to confirm hypothesized challenges impacting YEH’s willingness to quit. Results: Moderate nicotine dependence was noted—a key Motivation phase cessation mechanism targeted—and was associated with population challenges including, but not limited to, replacing food with tobacco, accidental oxygen-deprivation events, and smoking to socialize. While 67.1% of participants made a past-year quit attempt, 45.8% expressed 30-day quit interest. Dimensions of coping with housing were associated with quit attempts and quit interest. Quit attempts were also associated with nicotine dependence, working, and smoking to socialize. Whereas, quit interest was associated with less endorsement of smoking to regulate affect and more endorsement to avoid danger. Conclusions: Though common challenges targeted in Motivation phase cessation exist among YEH, other challenges may also need to be addressed to promote quitting. © The Author(s) 2023. Published by Oxford University Press on behalf of the Society for Research on Nicotine and Tobacco. All rights reserved.",2024,,Nicotine Tob. Res.,26,2,237-244,,10.1093/ntr/ntad176,,#187,Nemeth 2024,,
Motivational Network Intervention to Reduce Substance Use and Increase Supportive Connections for Emerging Adults in a Supportive Housing Program,"Kennedy, D.P.; Osilla, K.C.; Golinelli, D.; Tucker, J.S.","Background. For transition-aged youth experiencing homelessness (TAYEH) moving to transitional housing, a motivational network intervention (MNI) may help modify high-risk networks, thereby reducing substance use and strengthening prosocial connections. Methods. Thirty-six TAYEH received a four-session MNI integrated into usual housing case management or usual case management. Intervention acceptability, feasibility, and motivational interviewing fidelity were evaluated. Results. Nearly all participants would recommend the MNI to others, formed goals, and believed the program improved their lives. Case managers delivered the program with fidelity. However, sample size and number of sessions delivered fell short of targets due to COVID-19 disruptions and other factors and limited our ability to examine preliminary effects on substance use and network outcomes in a fully powered trial. Conclusion. Case managers can successfully deliver the MNI, but its use may not be feasible unless adaptations are made to accommodate the instability this population faces when they enter housing. © Meharry Medical College.",2024,,J. Health Care Poor Underserved,35,3,852-865,,10.1353/hpu.2024.a934302,,#194,Kennedy 2024,,
A Comparative Analysis of Transitional and Permanent Supportive Housing Through the Lens of Young Adult Residents,"Semborski, S.; Petry, L.; Henwood, B.","Supportive housing (SH), largely consisting of Transitional Living Programs (TLPs) and Permanent Supportive Housing (PSH), is the primarly intervention being applied to the one-in-ten young adults that experience homelessness in the United States each year. To date, efforts to understand the perception of these programs among young adult tenants have focused singularly on TLPs or PSH. The current qualitative study builds upon previous evidence through a comparative analysis of young adult perceptions of TLPs and PSH and examines the the physical, social, and service environments associated with each program. Results suggest six themes, including three themes focused on factors associated with location, common to both TLPs and PSH: desired proximity to friends, family, and amenities; wanted distance from negative influences; and increased ability to assimilate. Three additional themes focused on the environment internal to the housing program that differentiated the models: shared space with roommates, the service environment and relationships with SH staff, and the moving on process. Findings indicate that location is an important but complex element of the housing environment for all young SH tenants with both positive and negative factors. Within the housing environment, more TLP residents had roommates and spoke of utilizing the services associated with their housing, but discussed feeling less prepared for life after SH. © The Author(s), under exclusive licence to Springer Science+Business Media, LLC, part of Springer Nature 2022. Springer Nature or its licensor holds exclusive rights to this article under a publishing agreement with the author(s) or other rightsholder(s); author self-archiving of the accepted manuscript version of this article is solely governed by the terms of such publishing agreement and applicable law.",2024,,Child Adolesc. Soc. Work J.,41,4,645-657,,10.1007/s10560-022-00881-1,,#200,Semborski 2024,,
"Perceptions from emerging adults with a history of homelessness on their experiences with housing, health and other support services","McDonald, K.; Palimaru, A.I.; Garvey, R.; D'Amico, E.J.; Tucker, J.S.","Homelessness is a significant public health problem in the U.S., where nearly 3.5 million emerging adults (ages 18–25) experience homelessness while unaccompanied by a parent or guardian. Emerging adults are a particularly vulnerable group, even without the added stress of homelessness. Being unhoused can exacerbate negative outcomes in wellbeing and functioning and also increase risky behaviors. These complex needs are important to consider for programs aimed at housing emerging adults with a history of homelessness. Drawing on in-depth interviews with 30 emerging adults who have experienced homelessness, this study explores a range of perspectives on challenges and opportunities for coordination of housing and social support services for emerging adults, particularly those that are perceived to contribute to housing stability. Overall, findings suggest a mix of positive and negative experiences with various approaches to case management among both stably and unstably housed participants, highlighting the overall importance of the case manager in the housing process experience. Results also indicate that stable housing may provide a platform for greater access to and utilization of physical health care resources. Important issues to be addressed in the future include perceived discrimination in service provision. These results offer policy implications, such as expanding age-related eligibility for support systems and increasing the consistency and timeliness of case management to improve the overall experience of trying to obtain and remain in stable housing. © 2024 Elsevier Ltd",2024,,Child. Youth Serv. Rev.,160,,,,10.1016/j.childyouth.2024.107555,,#207,McDonald 2024,,
Evaluating a Future-Oriented Positive Youth Development Intervention to Reduce Sexual Risk Among Highly Mobile Youth: Results and Challenges,"Drake, P.J.; Potter, S.C.; Clark, L.F.; Desai, M.; LaSalle-Castro, F.; Masters, T.; Ayyaluru, S.","Purpose: Youth experiencing or at risk of experiencing homelessness need tailored prevention programming to prevent unplanned pregnancy and sexually transmitted infections. This study evaluated the efficacy of a small-group, future-oriented positive youth development (PYD) intervention to reduce sexual risk behaviors. Method: Youth aged 14–19 (n = 483) experiencing or at risk of experiencing homelessness were recruited at youth-serving agencies and in alternative schools. Each cohort enrolled was randomized either to a 10-session, 5-week group future-oriented intervention to support them in adopting health-promoting behaviors such as using contraception, including condom use (n = 244) or to a no-treatment condition where they received usual services/schooling (n = 239). We assessed at baseline and 3-month and 9-month follow-up (1) vaginal intercourse without consistent contraception use, (2) vaginal and anal intercourse without consistent condom use, and (3) sexual risk behaviors, including current (last 3 months) effective contraception use by females who did not report current use at baseline. Results: There was no significant difference between treatment and control conditions for most outcomes. However, among females not currently using contraception at baseline, 34% in the treatment condition compared to 12.9% in the control condition reported using contraception in the 3 months before the 9-month survey, a statistically significant difference. Discussion: This sexual risk reduction intervention, grounded in PYD theory and tailored to address the needs of marginalized groups of youth, demonstrated efficacy at increasing contraceptive uptake among females. The need for PYD interventions that can be delivered in a variety of nontraditional school and service settings are discussed. © 2024 Society for Adolescent Health and Medicine",2024,,J. Adolesc. Health,75,1,173-179,,10.1016/j.jadohealth.2024.03.003,,#210,Drake 2024,,
Suicide prevention for substance using youth experiencing homelessness: study protocol for a randomized controlled trial,"Slesnick, N.; Brakenhoff, B.; Chavez, L.J.; Cuthbertson, C.L.; Famelia, R.; Feng, X.; Ford, J.; Holowacz, E.; Jaderlund, S.; Kelleher, K.; Luthy, E.; Mallory, A.M.; Pizzulo, A.; Slesnick, T.D.; Yilmazer, T.","Background: While research on substance using youth experiencing homelessness (YEH) is increasing, there is a dearth of information regarding effective prevention interventions for these youth. Suicide is the leading cause of death among YEH and most youth do not access services that may be available to them. Therefore, this study seeks to address this gap in the research literature with the goal to identify an effective suicide prevention intervention that can be readily adopted by communities that serve these youth. Methods: Three hundred (N = 300) YEH with recent substance use and suicidal ideation or a recent suicide attempt will be recruited from the streets as well as a drop-in center serving YEH. After the baseline assessment, all youth will be randomly assigned to Cognitive Therapy for Suicide Prevention (CTSP) + Services as Usual (SAU) (N = 150) or to SAU alone (N = 150). SAU includes outreach, advocacy, and service linkage whereas YEH who receive CTSP will also receive ten CTSP sessions and an optional nine booster sessions. Follow-up assessments will be conducted at 3, 6, 9, and 12 months post-baseline. Theoretically derived mediators (e.g., cognitive distortions) will be tested to shed light on mechanisms associated with change, and the moderating effects of sex, race, sexual orientation, and baseline service connection will be examined. In order to ease future dissemination of the intervention to agencies serving YEH, we will rigorously assess acceptability, feasibility, fidelity, and cost associated with the delivery of our intervention approach using a mixed-methods approach. Discussion: This study adds to a very small number of clinical trials seeking to prevent lethal suicide among a very high-risk group by addressing suicidal ideation directly rather than underlying conditions. It is hypothesized that youth receiving CTSP + SAU will show greater reductions in suicidal ideation (primary outcome), substance use, and depressive symptoms (secondary outcomes) over time compared to SAU alone, as well as improved risk and protective factors. Trial registration: NCT05994612. Date of Registration: August 16, 2023. © The Author(s) 2024.",2024,,Trials,25,1,,,10.1186/s13063-024-07997-y,,#232,Slesnick 2024,,
Body mapping as a site to negotiate eating struggles and food insecurity for street-involved and homeless youth,"Hyland, C.E.; Lee, E.","Inspired by critical trauma and embodiment theories, this study aims to illustrate how an arts-based approach such as body mapping assists in exploring the lived experiences of youth, potentially serving as a trauma-informed approach. This qualitative study collaborated with street-involved and homeless youth (SIHY) who have eating struggles while living in situations of food insecurity and other forms of oppression. Eleven participants partook in three individual face-to-face interview sessions and one arts-based body map activity, respectively, at a local SIHY resource centre in a metropolitan city in Canada. Guided by Interpretative Phenomenological Approach (IPA), our findings illustrated how body mapping (1) enabled a deepened understanding of SIHY’s eating struggles as both a form of suffering and an embodied means of coping with food insecurity and other systemic and relational trauma(s); (2) provided a transformative experience leading to greater self-compassion and healing; and (3) served as a trauma-informed method that fostered choice and validation. We attest that, as a creative and supportive clinical and research tool, body mapping taps into the unspoken, expressive, embodied, and somatic aspects of eating struggles, food insecurity, poverty, and other forms of oppression deepening knowledge and informing social work research and practice. © The Author(s) 2024.",2024,,Qual. Soc. Work,23,5,887-907,,10.1177/14733250241245717,,#265,Hyland 2024,,
"Lessons learned from conducting a community-based, nurse-led HIV prevention trial with youth experiencing homelessness: Pivots and pitfalls","Santa Maria, D.M.; Fernandez-Sanchez, H.; Nyamathi, A.; Lightfoot, M.; Quadri, Y.; Paul, M.; Jones, J.T.","Objective: This article highlights key lessons learned while conducting a nurse-led community-based HIV prevention trial with youth experiencing homelessness (YEH), focusing on sexually transmitted infections testing and treatment, intervention sessions, community partnerships, and participant recruitment and retention. Design: The insights and experiences shared aim to inform future research and the design of interventions targeting populations at high risk, particularly when facing unanticipated challenges. By addressing these areas, the article contributes to the decision-making for the design and delivery of effective strategies to improve the health outcomes among marginalized populations. Results: The findings underscore the importance of flexibility and active participant engagement, cultivating strong relationships with community partners, utilizing technology and social media, and fostering a diverse research team that represents the heterogeneity of youth experiencing homelessness across race/ethnicity, gender identity, sexual orientation, and lived experiences. Conclusions: These recommendations aim to enhance participant access, engagement, and retention, while promoting rigorous research and meaningful study outcomes for YEH. © 2024 The Authors. Public Health Nursing published by Wiley Periodicals LLC.",2024,,Public Health Nurs.,41,4,806-814,,10.1111/phn.13314,,#281,SantaMaria 2024,,
"“When I think about my future, I just see darkness”: How youth exiting homelessness navigate the hazy, liminal space between socioeconomic exclusion and inclusion","Thulien, N.S.; Hwang, S.W.; Kozloff, N.; Nisenbaum, R.; Akdikmen, A.; Fambegbe, O.P.; Feraday, R.; Mathewson, C.; Mutamiri, M.; Roglich, J.; Wang, A.; Zagala, M.; Amiri, A.","Objectives: The overarching objective of this mixed methods longitudinal study was to understand whether and how rent subsidies and mentorship influenced socioeconomic inclusion outcomes for youth exiting homelessness. The focus of this paper is on the qualitative objectives, which evolved from a primary focus on exploring how study mentorship was working as a facilitator of socioeconomic inclusion to focusing on how participants navigated the hazy, liminal space between socioeconomic exclusion and inclusion. Methods: This was a convergent mixed methods study scaffolded by community-based participatory action axiology. The quantitative component is reported elsewhere and involved a 2-year pilot randomized controlled trial where 24 participants received rent subsidies and 13 were randomly assigned a study mentor; proxy indicators of socioeconomic inclusion were measured every 6 months for 2.5 years. Qualitative objectives were explored using a qualitative descriptive design and theoretically framed using critical social theory. The lead author interviewed 12 participants every 6 months for 2.5 years. Qualitative interviews were analyzed using reflexive thematic analysis with an emphasis on critical interpretation. Results: Navigating the liminal space between socioeconomic exclusion and inclusion was complex and non-linear, and the way youth navigated that journey was more strongly associated with factors like informal mentorship (naturally occurring “coach-like” mentorship) and identity capital (sense of purpose, control, self-efficacy, and self-esteem), rather than whether or not they were assigned a formal study mentor. Conclusion: A holistic approach integrating coaching and attention to identity capital alongside economic supports may be key to helping youth exiting homelessness achieve socioeconomic inclusion. © 2023, The Author(s).",2023,,Can. J. Public Health,114,6,893-905,,10.17269/s41997-023-00804-2,,#289,Thulien 2023,,
Opportunities and Challenges to Linkage to Housing in the Context of a Sexual and Reproductive Health Program for Youth Experiencing Homelessness,"Huq, M.R.; Phillips, D.R.; Childers, C.; Chavez, R.; Tellei, J.; Blakely, L.; Aparicio, E.M.","Youth homelessness remains a major public health issue in the USA, and youth experiencing homelessness (YEH) are still one of the more understudied and underserved groups. Comprehensive sexual and reproductive health (SRH) programs for YEH are rare. Yet, such programs are potentially effective settings through which to link YEH with housing services. Wahine (“woman”) Talk is one such comprehensive program for YEH, and is a multilevel intervention delivered out of a youth drop-in center in Honolulu, Hawai ‘i. One of Wahine Talk’s core components is addressing basic needs, including providing linkages to housing services. Little research exists on SRH programs’ opportunities and challenges to providing linkage to housing for YEH. The current study is an exploratory study asking, “What are opportunities and challenges to linking young women experiencing homelessness to housing services through a comprehensive sexual and reproductive health program?” The study team collected in-depth qualitative data through seven focus groups and 25 individual interviews with Wahine Talk staff and youth participants aged 14–22 years. Multiple team members analyzed the data using template analysis. The analysis revealed that while comprehensive SRH programs may have some opportunities and challenges to linking YEH to housing services that are consistent with traditional housing assistance programs, there are also factors specific to SRH programs. In particular, opportunities would be SRH programs employing a housing staff person and bolstering staff-youth meetings and communication. A challenge specific to SRH programs would be prioritizing youth’s reproductive justice (i.e., choice) in lieu of solely prioritizing pregnancy reductions and delays; thus, it is recommended to train staff to prioritize youth’s reproductive justice. The findings highlight the importance of SRH programs having staff focused on housing, sufficient opportunities for youth and staff to communicate with each other, and staff trained to prioritize youth’s reproductive justice. © The Author(s) 2023.",2023,,Prev. Sci.,24,,241-250,,10.1007/s11121-023-01560-y,,#297,Huq 2023,,
A randomized controlled trial of a brief motivational interviewing-based group intervention for emerging adults experiencing homelessness: 12-Month effects on substance use and sexual risk behavior,"Tucker, J.S.; D'Amico, E.J.; Rodriguez, A.; Garvey, R.; Pedersen, E.R.; Klein, D.J.","Introduction: Few brief evidence-based risk reduction programs for emerging adults experiencing homelessness focus on the interrelated problems of substance use and sexual risk behavior. This study examines outcomes from a 12-month evaluation of AWARE, a brief Motivational Interviewing (MI)–based group risk reduction intervention for this population. Methods: In a cluster randomized crossover trial, N = 276 18–25-year-olds received AWARE or usual care at drop-in centers serving homeless youth in Los Angeles County. We evaluated intervention effects on substance use and condomless sex (primary outcomes), as well as drinking consequences and protective strategies, number of casual partners, self-efficacy, and motivation for change (secondary outcomes). Results: AWARE participants self-reported reductions in their alcohol use and negative consequences from drinking, and an increase in use of drinking protective strategies. AWARE participants also reported an initial decrease in drug use other than marijuana, followed by a slight uptake later on, as well as an initial increase in importance of cutting down on other drug use followed by a decrease. Control group participants did not show change in these outcomes. Among those who reported casual sex partners at both baseline and 12-month surveys, exploratory analyses indicated that AWARE participants had a 29 % decline in condomless sex with casual partners compared to a 6 % decline for control group participants. Conclusions: Findings build on our pilot work by demonstrating that AWARE has long-term benefits on drinking among emerging adults experiencing homelessness. Further work should seek to strengthen its long-term effectiveness in reducing drug use in this population. © 2023 Elsevier Inc.",2023,,J. Subst. Use. Abuse Treat.,152,,,,10.1016/j.josat.2023.209114,,#304,Tucker 2023,,
Understanding Young People’s Navigation of Housing Barriers Through a White Supremacy Lens,"Boyett, M.; Santarella, M.; Milligan, T.; DeChants, J.; Williams, O.; Bender, K.; Shelton, J.; Chassman, S.","The purpose of this study was to understand the organizational and structural barriers young people face in seeking housing and to interpret those barriers through the lens of white supremacy culture. Data were collected through semistructured interviews with 31 young people (ages 18–26) accessing a variety of homeless services, including a drop-in center, emergency shelter, and transitional housing apartments. White supremacy culture was used as an organizing framework for interpreting thematic findings. Participants described bureaucratic and systemic barriers to accessing and maintaining stable housing; lacking resources necessary to securing and maintaining housing; and rigid rules in community and living environments that created difficult in maintaining safe housing. Five tenets of white supremacy culture emerged as we applied the organizing framework to our findings: power hoarding, paternalism, worship of the written word, fear of open conflict, and right to comfort. Our findings reflect that organizations employing bureaucratic processes hold power to determine who can access housing, what is required of those young people, and how housing can be maintained. Yet, those holding the power at these decision points often do not reflect the identities of those benefiting from the services. Future research and critical analysis using a white supremacy framework or Critical Race Theory may allow for better understanding of barriers for young people experiencing homelessness. © 2021, The Author(s), under exclusive licence to Springer Science+Business Media, LLC, part of Springer Nature.",2023,,Child Adolesc. Soc. Work J.,40,5,643-654,,10.1007/s10560-021-00804-6,,#311,Boyett 2023,,
Sexual and Reproductive Health Care Utilization for Youth Experiencing Homelessness,"McNeill-Johnson, A.; Miller, M.; Stancil, S.; Randell, K.A.",,2024,,Clin. Pediatr.,,,,,10.1177/00099228241249403,,#320,McNeill-Johnson 2024,,
Adapting an evidence-based mindfulness-based intervention for sheltered youth experiencing homelessness,"Santa Maria, D.; Cuccaro, P.; Bender, K.; Sibinga, E.; Guerrero, N.; Keshwani, N.; Jones, J.; Fine, M.","Objectives: Youth experiencing homelessness (YEH) face challenges that impact their physical, mental, and social wellbeing, emotion regulation, and coping. Mindfulness reduces stress and improves resilience, emotion regulation, and executive functioning. Mindfulness-based interventions (MBI) teach the practice of mindfulness to foster present-moment attention without judgement and enhance self-observation and self-regulation, resulting in greater awareness of thoughts and emotions and improved interpersonal relationships. One such intervention,.b, has been shown to lower stress among youth. While a pilot study of.b among sheltered youth found the intervention to be feasible, the need for modifications was identified to improve its relevance, accessibility, and incorporate a trauma-informed approach. Methods: We used the ADAPT-ITT (Assessment, Decisions, Administration, Production, Topical experts, Integration, Training staff, and Testing) framework to adapt the.b mindfulness intervention to YEH living in an emergency shelter. Nine focus group discussions (n = 56), key informant interviews (n = 8), and beta testing with five youth working group sessions (n = 10) identified needed modifications. Results: Adaptations to the curriculum and delivery modality were made to approximate the average length of stay in the shelter; integrate trauma-informed care approaches; increase diversity of images by race, ethnicity, age, sexual orientation, and gender identity; and increase the relevance of the audio-visual components. Conclusions: Youth and the health and social services providers who care for youth generally liked the core concepts and presentation of the curriculum. Using the ADAPT-ITT framework, minor, yet important, changes were made to increase the relevance, acceptability, and feasibility of the intervention. Next steps are to conduct a randomized attention control pilot study to assess feasibility and acceptability. © 2023, BioMed Central Ltd., part of Springer Nature.",2023,,BMC Compl. Med.Therapies,23,1,,,10.1186/s12906-023-04203-5,,#337,SantaMaria 2023,,
Breaking Barriers to Employment: The Impact of Transitional Work on Economic Self-Sufficiency for Those Facing Obstacles to Work,"Glennie, E.; Laird, J.; Hong, Y.","Many people face profound barriers to employment, such as former incarceration, mental illness, or homelessness. Without stable employment, people struggle to become economically self-sufficient. Transitional, paid work may give people job skills to help them obtain and maintain employment. This study examined four employment social enterprises, which provide paid transitional work for people facing employment obstacles. Eighteen months later, those experiencing transitional work had better outcomes in terms of employment status and income, and this effect is the same across race/ethnic and gender groups. The benefits persisted even during the economic crisis created with the onset of the COVID-19 pandemic. © 2023 Taylor & Francis Group, LLC.",2024,,J. Pover.,28,6,549-570,,10.1080/10875549.2023.2259877,,#346,Glennie 2024,,
Youth homeless shelter staff perceptions of a mobile recreation programme,"Hopper, T.; Costas-Bradstreet, C.; Spence, J.C.","Youth homelessness is a complex social issue and accounts for the fastest growing demographic of individuals living without a home. Though it is well established that recreation can support youth socially, physically, and emotionally, the community partner perspective is rarely incorporated. The purpose of this study was to incorporate the perspectives of supportive housing staff about the importance of a mobile recreation programme in the lives of youth experiencing homelessness. Five participants participated in a group interview and a reflexive thematic analysis approach was utilized. The findings indicate that RoW filled a necessary gap in supportive programming; that RoW provided a context to support youth to become more comfortable participating in recreation; and that RoW offered a break from everyday stressors through encouraged play and self-expression. Findings suggest that the recreation programme offered various opportunities for the youth to feel connected and to engage in meaningful activities. © 2024 Canadian Association for Leisure Studies / Association canadienne d’études en loisir.",2024,,Leis. Loisir,,,,,10.1080/14927713.2024.2366182,,#350,Hopper 2024,,
The good gifts program: evaluation of a positive youth development intervention for opportunity youth,"Hussong, A.M.; Samuelson, P.L.; Richards, A.N.; Mullane, M.J.","The hardships faced by youth experiencing or at-risk for experiencing homelessness, or opportunity youth, are well documented. Programs for these youth are often deficit-based, failing to recognize existing strengths to foster resilience. The Good Gifts Program is a positive youth development intervention created collaboratively with opportunity youth, service providers, and researchers to augment existing services with the goal of nurturing gratitude, generosity, and hope. We evaluated this pilot program during a period of wide-spread service disruption (in the summer of 2021 during the COVID-19 pandemic). Opportunity youth (n = 38; aged 16–24) completed up to four group sessions as well as pre- and post-test assessments, with daily diaries throughout. Results showed no overall evidence for program efficacy and, indeed, declines in gratitude, generosity, and hope with greater program attendance. The modest sample size and significant heterogeneity in program fidelity, participation, and context presented challenges to data interpretation and highlight considerations for future work. © 2023 Informa UK Limited, trading as Taylor & Francis Group.",2024,,J. Posit. Psychol.,19,5,817-833,,10.1080/17439760.2023.2209537,,#351,Hussong 2024,,
Information and communication technologies use among youth experiencing homelessness: associations with online health information seeking behavior,"Park, I.Y.; Barman-Adhikari, A.; Shelton, J.; Santa Maria, D.; Hsu, H.-T.; Narendorf, S.C.; Ferguson, K.M.; Bender, K.; Petering, R.","Given reported high rates of transience and service disengagement among youth experiencing homelessness (YEH), new forms of information and communication technologies (ICT) may represent a novel avenue for intervention. Although studies suggest that ICT use is surprisingly high among YEH, less is known about the factors associated with ICT use and the association between ICT use and online health information seeking behavior (OHISB) among YEH. Using Andersen's behavioral model of healthcare utilization as a theoretical framework, this study examined the prevalence of ICT use and its association with OHISB among YEH. Data were drawn from the cross-sectional study collected from YEH living in multi-sites (N = 1,426; Mage= 20.9). Multivariate logistic regression analyses were conducted to examine the factors associated with ICT use (i.e., access to a smartphone, mobile phone, and social media profile ownership) and the association between each ICT use and OHISB. The results showed that differences in ICT use among YEH based on different predisposing factors including YEH’s gender, race/ethnicity, employment status, and involvement in the public system. Analysis also revealed that access to mobile and smart phones are significantly associated with OHISB among YEH. Results from this study underscore the capacity of ICT use to efficiently address the health-related requirements of YEH and enhance their health outcomes. The creation of technology-driven interventions, specifically utilizing ICTs, has the potential to assist YEH in accessing diverse information and resources related to their health, thereby fostering improvements in their OHISB. © 2024 Informa UK Limited, trading as Taylor & Francis Group.",2024,,Inf. Commun. Soc.,,,,,10.1080/1369118X.2024.2315280,,#358,Park 2024,,
Ending youth homelessness is about relationships: The importance of drop-in centers and staff to youth experiencing homelessness,"Rice, E.; Thompson, N.; Onasch-Vera, L.; Petry, L.; Petering, R.; Casey, E.; Cooper, T.; DiBattiste, M.; McAlpin, F.","Background: Drop-in centers are safe havens for youth experiencing homelessness. We examine drop-in centers within a positive youth development (PYD) framework to explore the role social connections with staff on the psychosocial development and stability of youth experiencing homelessness. Two study objectives guide this analysis: 1) examine the characteristics of youth who are both connected to drop-in centers and have a positive relationship with an adult staff member and 2) investigate the extent to which positive relationships with staff are associated with engagement in services that promote long-term stability and self-sufficiency. Methods: A sample of 784 youth experiencing homelessness were surveyed between May 2017 and November 2018 at three drop-in centers in Los Angeles, CA. All youth accessing drop-in services during recruitment days were invited to participate. Youth self-reported drop-in center use (i.e., frequency and duration), connections to drop-in center staff, and service engagement (e.g., employment, education, housing, and health services). Frequency distributions and multivariable logistic regression models were conducted with SAS 9.4. Results: Over one-third of youth experiencing homelessness reported attending the drop-in center for six months or more and 28.3 % reported using that center on a daily basis. Two-thirds of youth reported having “developed at least one relationship with a supportive and positive staff at an agency that I attend.” Youth attending for six months or more were significantly more likely to report having a positive staff relationship (OR = 1.73, p < 0.001), as were youth who attended daily (OR = 1.85, p < 0.01). Youth who reported having a positive relationship with a staff member were more likely to report using employment programs and to possess knowledge of housing program options, controlling for drop-in center engagement and demographics. Moreover, youth who reported daily drop-in center use were more likely to report use of education and employment services and knowledge of housing options, controlling for staff relationships and demographics. Conclusions and Implications: PYD provides an important framework for addressing gaps in the current literature and exploring the role of drop-in centers in assisting youth experiencing homelessness. Positive adult staff play an integral part in the experiences youth have in drop-in center spaces, helping link youth to services that promote well-being, self-sufficiency, and the attainment of safe and stable housing. © 2023 Elsevier Ltd",2023,,Child. Youth Serv. Rev.,154,,,,10.1016/j.childyouth.2023.107125,,#382,Rice 2023,,
The Achieving Success Everyday Group Counseling Model: Providing Social Support for Homeless Students* in School Settings,"Steen, S.; Sulkowski, M.","The Achieving Success Everyday (ASE) group counseling model is discussed to support homeless students’ unique and complex needs. The phenomenology of student homelessness is reviewed, as well as how residential and environmental instability negatively impacts students’ academic and psychosocial functioning. Social support for homeless students is also discussed. Next, the ASE group model is described in detail and existing research on its application in school settings is reviewed. Implications for research and practice are provided as they may influence future efforts to support homeless students. Session examples are used to help school personnel apply the ASE model in their respective schools and communities. © 2024 The American Group Psychotherapy Association, Inc.",2024,,Int. J. Group Psychother.,74,3,245-267,,10.1080/00207284.2024.2338289,,#389,Steen 2024,,
"Youth, Crime, and the Potential Cost Offset to Housing First Programs","Kneebone, R.; Dutton, D.J.; Jadidzadeh, A.","Housing First (HF) is an approach that emphasizes providing housing as a precondition for assisting people experiencing homelessness. To the extent that housing reduces contacts with police, HF may reduce criminal behaviour and so reduce costs borne by the justice system. This may beparticularlytrueforyouthwhosehomelessnessoftenforcesthemtoadoptsurvivalbehaviourthat exposes them to police and bylaw enforcement officers. Using regression analysis, we employ linked administrative data sets from police and from HF programs to examine how interactions of youth with police change following admission to a HF program. An important contribution of our study is the use of administrative police records rather than self-reported data on the number of criminal incidents and their severity. Unconditional quantile regression is used to observe HF’s effect on changes in both the number and severity of criminal incidents. Controlling for demographic characteristics of youth and for type of housing program and using administrative police records as opposed to self-reported police interactions, we find only weak evidence to suggest that the number of criminal incidents falls following admission to a HF program and only weak evidence of a fall in the seriousness of crimes. © Canadian Journal of Criminology and Criminal Justice.",2023,,Can. J. Criminol. Crim. Justice,65,4,82-102,,10.3138/cjccj-2023-0051,,#422,Kneebone 2023,,
An anti-oppressive approach to social work practice with transgender youth and young adults experiencing homelessness,"Nadan, Y.; Eshkar, T.; Tsfati, M.; Komem, M.","This article explores professional practices employed in services for transgender youth and young adults experiencing homelessness in Israel from the perspective of the service providers. The study combines individual interviews with focus groups with 28 staff members of three services. Thematic analysis of the interviews yielded two main themes. The first focuses on professional practices utilised in the services on the individual and inter-personal level, including creating a safe space, exploring gender identities, and imparting life skills and the ability to contend with bureaucratic systems. The second theme sheds light on practices on the societal level, including mentoring, guidance, and exercising rights, as well as anti-bias education. The findings highlight the importance the service providers ascribe to work that relates to the ‘outside’ and the ‘inside’ of the services, and to toggling between micro and macro levels. Such movement constitutes the practical implementation of context-informed approaches and anti-oppressive perspectives in work with trans youth and young adults experiencing homelessness, which emphasise the development of resilience and personal agency. © 2022 Informa UK Limited, trading as Taylor & Francis Group.",2024,,Eur. J. Soc. Work,27,1,56-68,,10.1080/13691457.2022.2077318,,#427,Nadan 2024,,
Heterogeneous trajectories of suicidal ideation among homeless youth: Predictors and suicide-related outcomes,"Wu, Q.; Zhang, J.; Walsh, L.; Slesnick, N.","The current study examined heterogeneous trajectories of suicidal ideation among homeless youth experiencing suicidal ideation over 9 months in a randomized controlled intervention study. Suicidal homeless youth (N = 150) were randomly assigned to Cognitive Therapy for Suicide Prevention (CTSP) + Treatment as Usual (TAU) or TAU alone. Youth reported their suicidal ideation four times during a 9-month period. We also assessed pretreatment mental health, demographic information and session attendance as predictors of the subgroups, as well as suicide-related factors as outcomes at the 9-month follow-up. Growth mixture models suggested three distinct trajectory groups among youth: Fast Declining (74.7%), Chronic (19.3%), and Steadily Declining (6.0%). Youth in the Chronic group used more substances at baseline than the Steadily Declining group, were more likely to be White, non-Hispanic than the Fast Declining group, and attended more CTSP sessions than other groups. Contrastingly, youth in the Steadily Declining group all experienced childhood abuse. Finally, youth in the Chronic group showed significant higher risk for future suicide compared to those in the Fast Declining group at 9 months. Findings support the heterogeneity of treatment responses in suicide intervention among homeless youth, with implications to improve treatment efforts in this very high-risk population.  © The Author(s), 2022. Published by Cambridge University Press.",2023,,Dev. Psychopathol.,35,4,1671-1683,,10.1017/S0954579422000372,,#454,Wu 2023,,
"Creating Space for Adolescents and Families With Lived Experience of Homelessness to Build Familial Empathy, Communication, and Emotional Regulation A Qualitative Study of Facilitators of Implementation","Bounds, D.T.; Rodrigues, S.M.; Balsam, D.; Lennan, N.; Rodriguez, K.R.; Milburn, N.G.","Youth experiencing homelessness are vulnerable to commercial sexual exploitation (CSE). Structural racism disproportionately entraps marginalized youth into CSE while simultaneously obscuring their identification as victims. Adaptation and tailoring of effective interventions to mitigate associated sequelae and in-equities is warranted. Support To Reunite, Involve, and Value Each Other (STRIVE) is a strengths-based dyadic intervention with demonstrated efficacy in reducing delinquency, substance use, and high-risk sexual behaviors among marginalized adolescents experiencing homelessness. The adapted STRIVE+ was piloted to ex-plore potential for reducing youth risk factors for CSE. The current article reports findings from interviews exploring participants’ experiences with STRIVE+. Youth and caregivers reported increased empathy, communication, and emotional regulation post-STRIVE+ and found relevance and meaning through participating in the adapted intervention. Feasibility of recruitment, engagement, and retention of minoritized adolescents and their caregivers were also demonstrated. Findings warrant larger scale implementation trials of STRIVE+ among minoritized youth at highest risk for CSE. © SLACK INCORPORATED.",2024,,J. Psychosocial Nurs. Ment. Health Serv.,62,1,27-35,,10.3928/02793695-20230622-01,,#457,Bounds 2024,,
Evaluating social procurement: a theoretically informed and methodologically robust social return on investment (SROI) analysis of a construction training initiative developed to reduce the risk of youth homelessness in Wales,"Bridgeman, J.; Loosemore, M.","Despite widespread claims about the benefits of social procurement, there is little robust evidence that emerging social procurement policies are achieving their intended outcomes. Addressing this gap in research, this paper presents a case study of a theoretically informed and methodologically robust evaluative social return on investment (SROI) analysis of a construction training initiative developed in Wales to reduce the risk of youth homelessness. Utilising Sen and Nussbaum's Capability Empowerment Approach, the results contribute to social procurement research by providing much needed empirical legitimacy to an under theorised field. Ensuring that new social procurement initiatives developed by the construction industry are theoretically and empirically sound is critical to ensure they are transparent, robust, testable, reliable and replicable in achieving the social outcomes they purport to deliver. © 2023 Informa UK Limited, trading as Taylor & Francis Group.",2024,,Constr. Manage. Econ.,42,5,387-411,,10.1080/01446193.2023.2267140,,#468,Bridgeman 2024,,
From contested spaces to choice-centered places: using geographic interviews to understand young adults’ experiences in permanent supportive housing,"Littman, D.M.; Cummings Melton, C.; Holloway, B.; Teixeira, S.","Young adults who have endured chronic housing instability have often been failed by settings which have inadequately supported them–such as home and school settings. As such, young people experiencing homelessness and housing instability are seeking supportive settings. Permanent supportive housing (PSH) is a burgeoning supportive intervention in the youth homelessness services landscape. Our study used the geographic interview methodology, a novel qualitative geographic information systems methodology, to understand how young adult residents (N = 15) in PSH experience the physical setting. Residents experienced the common spaces in PSH as contested spaces; meanwhile, they sought choice-centered spaces–where there are choices of what to do, who to spend time with, and how to spend time. PSH settings for young adults may embrace choice-centered principles and practices when building trauma-informed PSH for young adults. Future research should explore these findings across demographic and geographic differences. © 2024 Informa UK Limited, trading as Taylor & Francis Group.",2024,,Child. Geogr.,22,5,661-681,,10.1080/14733285.2024.2335189,,#469,Littman 2024,,
Improving access to housing and supportive services for runaway and homeless youth: Reducing vulnerability to human trafficking in New York City,"Kaya, Y.B.; Maass, K.L.; Dimas, G.L.; Konrad, R.; Trapp, A.C.; Dank, M.","Recent estimates indicate that there are over a million runaway and homeless youth and young adults (RHY) in the United States (US). Exposure to trauma, violence, and substance abuse, coupled with a lack of community support services, puts homeless youth at high risk of being exploited and trafficked. Although access to safe housing and supportive services such as physical and mental healthcare is an effective response to the vulnerability of RHY towards being trafficked, the number of youth experiencing homelessness exceeds the capacity of available housing resources in most US communities. We undertake a RHY-informed, systematic, and data-driven approach to project the collective capacity required by service providers to adequately meet the needs of RHY in New York City, including those most at risk of being trafficked. Our approach involves an integer linear programming model that extends the multiple multidimensional knapsack problem and is informed by partnerships with key stakeholders. The mathematical model allows for time-dependent allocation and capacity expansion, while incorporating stochastic youth arrivals and length of stays, services provided in a periodic fashion, and service delivery time windows. Our RHY and service provider-centered approach is an important step toward meeting the actual, rather than presumed, survival needs of vulnerable youth. © Copyright © 2022 “IISE”.",2024,,IISE Trans.,56,3,296-310,,10.1080/24725854.2022.2120223,,#473,Kaya 2024,,
Endaayaang: the importance of “Indigenizing” housing first for youth,"Fournier, C.; Mirza, S.; Naidoo, K.; Green, S.; Shirt, C.; Cameron, S.; Stewart, S.L.; Gaetz, S.","This article explores Endaayaang, which means a safe place where the heart and spirit feel at home, an Indigenous Housing First for Youth programme, located in Hamilton, Ontario, Canada. The programme is informed by Elders, Traditional Knowledge Holders, Indigenous youth and Indigenous frontline workers and is grounded in Indigenous knowledges and worldviews. The programme helps unhoused Indigenous youth secure, safe and affordable housing, without preconditions. A unique aspect of this programme is creating opportunities for Indigenous youth to (re)connect to their Indigenous identity and culture. This includes providing access to Elders, ceremony and Indigenous teachings to help them find their way home. This research highlights the integral role of helping Indigenous youth (re)connect with their Indigenous identity and the importance of integrating ceremony, and Indigenous principles into Indigenous Housing First for youth programming. We also present an argument about the importance of diversifying and indigenizing Housing First for Youth in Canada to meet the specific needs of Indigenous and other marginalized and racialized populations accessing programming. © The Author(s) 2024.",2024,,AlterNative,,,,,10.1177/11771801241263605,,#474,Fournier 2024,,
"Mentoring, employment assistance, and enhanced staff outreach for older youth in care: Outcomes from a randomized controlled trial","Leathers, S.J.; Holtschneider, C.; Ludington, M.; Ross, E.V.; Barnett, J.L.","Youth who exit out-of-home care to live on their own face high risks for homelessness, unemployment, and incarceration. Federal support for the extension of services after age 18 provides the opportunity to better support youth in early adulthood, but to fully realize this potential requires the development of services with demonstrated positive impacts. This study contributes to the limited methodologically strong research in this area in a randomized controlled trial examining the impact of job readiness training, mentoring, and enhanced outreach by a youth specialist in an urban sample of youth (N = 152, 82% Black). Youth were interviewed at baseline when they were 17–20 years old and 14 months later to assess youth outcomes including employment, school enrollment, delinquency, and depression. Those randomized to receive enhanced services all received regular outreach from a youth specialist and could choose to participate in a mentoring and job readiness programs. Although less than a third of eligible youth fully completed either formal program, youth in the enhanced services condition had significantly fewer arrests, lower delinquency, and increased hours of employment. These outcomes were unrelated to changes in social support needs, counter to expectations. Future research is needed to build on these findings and those from other programs with positive effects in other areas such as educational outcomes to create effective service systems for older youth in care. © 2023 Elsevier Ltd",2023,,Child. Youth Serv. Rev.,153,,,,10.1016/j.childyouth.2023.107095,,#475,Leathers 2023,,
Community- and data-driven homelessness prevention and service delivery: optimizing for equity,"Kube, A.R.; Das, S.; Fowler, P.J.","Objective: The study tests a community- and data-driven approach to homelessness prevention. Federal policies call for efficient and equitable local responses to homelessness. However, the overwhelming demand for limited homeless assistance is challenging without empirically supported decision-making tools and raises questions of whom to serve with scarce resources. Materials and Methods: System-wide administrative records capture the delivery of an array of homeless services (prevention, shelter, short-term housing, supportive housing) and whether households reenter the system within 2 years. Counterfactual machine learning identifies which service most likely prevents reentry for each household. Based on community input, predictions are aggregated for subpopulations of interest (race/ethnicity, gender, families, youth, and health conditions) to generate transparent prioritization rules for whom to serve first. Simulations of households entering the system during the study period evaluate whether reallocating services based on prioritization rules compared with services-as-usual. Results: Homelessness prevention benefited households who could access it, while differential effects exist for homeless households that partially align with community interests. Households with comorbid health conditions avoid homelessness most when provided longer-term supportive housing, and families with children fare best in short-term rentals. No additional differential effects existed for intersectional subgroups. Prioritization rules reduce community-wide homelessness in simulations. Moreover, prioritization mitigated observed reentry disparities for female and unaccompanied youth without excluding Black and families with children. Discussion: Leveraging administrative records with machine learning supplements local decision-making and enables ongoing evaluation of data- and equity-driven homeless services. Conclusions: Community- and data-driven prioritization rules more equitably target scarce homeless resources.  © 2023 The Author(s). Published by Oxford University Press on behalf of the American Medical Informatics Association.",2023,,J. Am. Med. Informatics Assoc.,30,6,1032-1041,,10.1093/jamia/ocad052,,#479,Kube 2023,,
“I feel like a kid again”: the voices of youth experiencing homelessness in a mobile recreation program,"Crook, R.; Costas-Bradstreet, C.; Spence, J.C.; Tamminen, K.; van Ingen, C.; Hopper, T.D.","Youth homelessness is at an all-time high in Canada and is a complex social issue. The vast majority of interventions and research focuses on addressing the immediate needs of people experiencing homelessness, such as housing, harm reduction (due to substance use, violence, and crime) food security, and illness. The important role that recreation, sport, and physical activity play in the lives of youth is well established, however, the experiences of homeless youth in these spaces are relatively unknown. Thus, in partnership with a not-for-profit organisation and emergency youth shelters, this research study explored homeless youths’ experience of participating in a mobile recreation-based program and how this experience impacted their everyday lives. Ten youth currently residing in emergency shelters who participated in the program engaged in either one-on-one or group interviews. A qualitative content analysis approach was employed and three key themes were identified: (1) creating safe social spaces and cultivating relationships, (2) reconnecting to previous passions and meaning, and (3) promoting wellness. Findings suggest that the recreation program provided unique and layered experiences for the youth participants and had profound impacts on their overall wellbeing. Implications for practitioners and policy makers are offered. © 2023 The Author(s). Published by Informa UK Limited, trading as Taylor & Francis Group.",2023,,Qual. Res. Sport Exerc. Health,15,5,619-635,,10.1080/2159676X.2023.2175900,,#485,Crook 2023,,
Measuring Preservice Teacher Knowledge and Attitudes to Support Youth Experiencing Homelessness,"Havlik, S.; Weins, P.; Ghafoori, A.; Jacobwitz, M.; Sheback, K.-J.; Hudson, H.","While many teachers are unaware that students in their classes are experiencing homelessness, others may not know how to support students who are identified as lacking consistent housing (Wright et al., 2019). Thus, there is a critical need to better assess, understand, and enhance teachers’ knowledge and attitudes toward homelessness. Therefore, the purpose of the present study is threefold—researchers sought to 1) design and test a survey to measure the knowledge and attitudes of preservice teachers working with youth experiencing homelessness; 2) measure the knowledge and attitudes of preservice teachers related to homelessness; and 3) measure the effectiveness of a virtual training program designed to enhance preservice teachers’ knowledge and attitudes toward homelessness using the finalized survey. Results of the data analysis were promising—indicating that the Knowledge and Attitudes on Homelessness Survey for Educators (KAHS) instrument is a reliable tool in measuring knowledge and attitudes related to homelessness and the online training program has a positive impact on teachers’ knowledge and attitudes. © 2023 Taylor & Francis Group, LLC.",2023,,J. Educ. Stud. Placed Risk,,,,,10.1080/10824669.2023.2274105,,#489,Havlik 2023,,
"A photovoice study of college students who have experienced foster care, relative care, and/or homelessness","S. Samarah, E.M.; Schelbe, L.; Jackson, L.A.","Purpose: Young people with a history of foster care and or homelessness experience barriers to education and often have poorer educational outcomes. Universities have established campus support programs (CSP) to address these student needs; however, there is limited knowledge about their experiences in CSP and in college. Method: We used photovoice methodology to elicit the perspectives of 18 undergraduate students in a CSP. Participants took pictures that addressed two guiding questions: What is it like to be a college student who experienced foster care, homelessness, relative care, or ward of the State status? What is it like to participate in a CSP? We interviewed participants about their photos and coded interview transcripts using an inductive, iterative approach. Results: Participants’ experiences in college were often impacted by their past. Participants disclosed that they often felt like outsiders on campus. Concerns of being misunderstood were accompanied by feelings of pressure to perform as role models for others. Resources provided by the CSP were identified as important as was the support and sense of community in being part of the CSP. Students appreciated having a designated space on campus where they could connect to other students with similar backgrounds. Consistently, participants stressed that the CSP improved their college experience and contributed to their successes. Discussion: Findings highlight the importance of CSP's holistic services and a sense of community. By supporting students, CSPs can create spaces in which students who disproportionately have been excluded from higher education feel welcome and able to overcome adversity. © 2023 Elsevier Ltd",2023,,Child. Youth Serv. Rev.,151,,,,10.1016/j.childyouth.2023.107042,,#497,S 2023,,
"Evaluating the Effectiveness of the Housing First for Youth Intervention for Youth Experiencing Homelessness in Canada: Protocol for a Multisite, Mixed Methods Randomized Controlled Trial","Gaetz, S.; Bonakdar, A.; Ecker, J.; MacDonald, C.; Ilyniak, S.; Ward, A.; Kimura, L.; Vijayaratnam, A.; Banchani, E.","Background: Emerging evidence at the international level suggests that the Housing First approach could improve the housing stability of young people experiencing homelessness. However, there is a dearth of literature in Canada on whether the Housing First intervention for young people experiencing homelessness can improve outcomes including housing stability, health and well-being, and access to complementary supports. Adapted from the original Housing First model, Housing First for Youth (HF4Y) was developed in Canada as a rights-based approach tailored specifically for young people aged 16 to 24 years who are experiencing or are at risk of homelessness. Objective: The Making the Shift Youth Homelessness Social Innovation Lab is testing the effectiveness of the HF4Y intervention in Canada. The objective of this study is to determine whether the HF4Y model results in better participant-level outcomes than treatment-as-usual services for young people experiencing homelessness in 2 urban settings: Ottawa and Toronto, Ontario. Primary outcomes include housing stability, health and well-being, and complementary supports, and secondary outcomes include employment and educational attainment and social inclusion. Methods: The HF4Y study used a multisite, mixed methods, randomized controlled trial research approach for data collection and analysis. Eligible participants included young people aged 16 to 24 years who were experiencing homelessness or housing precarity. The participants were randomly assigned to either the treatment-as-usual group or the housing first intervention group. Survey and interview data in Ottawa and Toronto, Ontario are being collected at multiple time points (3-6 months) over 4 years to capture a range of outcomes. Analytic strategies for quantitative data will include mixed-effects modeling for repeated measures and logistic models. A thematic analysis will be used to analyze qualitative data based on participants’ narratives and life journeys through homelessness. Furthermore, program fidelity evaluations are conducted within each HF4Y program. These evaluations assess how well the intervention aligns with the HF4Y model and identify any areas that may require adjustments or additional support. Results: The HF4Y study has received human participant research ethics approval from the Office of Research Ethics at York University. Recruitment was conducted between February 2018 and March 2020. Data collection is expected to be completed at both sites by March 2024. A preliminary analysis of the quantitative and qualitative data collected between baseline and 24 months is underway. Conclusions: This pilot randomized controlled trial is the first to test the effectiveness of the HF4Y intervention in Canada. The findings of this study will enhance our understanding of how to effectively deliver and scale up the HF4Y intervention, with the aim of continually improving the HF4Y model to promote better outcomes for youth. © 2023 JMIR Publications Inc..",2023,,JMIR Res. Prot.,12,,,,10.2196/46690,,#534,Gaetz 2023,,
“Like a weight off my shoulders”: Participating in peer support from the perspectives of young people experiencing homelessness,"Mollica, M.; Littman, D.M.; Lucas, T.; Marvin, C.; Erangey, J.; Bender, K.; Milligan, T.","The aim of this study is to explore how young people experiencing homelessness or housing instability experience participating in peer support from paid peer support specialists with shared lived experiences. The present study used participatory qualitative methods, specifically a photovoice project with young people (N = 8) experiencing homelessness or housing instability, to understand their experiences of being in a relationship with a peer support specialist. This study found that young people experiencing homelessness or housing instability experienced peer relationships as uniquely caring and affirming. Young people described peers as “feeling like a friend” and repeatedly expressed that peer support is “deeper than therapy.” This sort of support stands in contrast to many conventional service approaches, which tend to be driven by organizational agendas and outcomes leading young people to disaffiliate from services. These findings may guide peer support specialists, service providers beginning peer programming, or those considering models for engaging young people experiencing homelessness. © 2023 Wiley Periodicals LLC.",2023,,J. Community Psychol.,51,7,2563-2580,,10.1002/jcop.23032,,#538,Mollica 2023,,
Immunization Coverage in Young People Experiencing Homelessness and the Impact of a Nurse-led Program,"Tominc, B.L.; Francis, K.L.; Sawyer, S.M.; Heerde, J.A.; O’Neill, J.; Henning, D.","Objectives: To identify the proportion of young people experiencing homelessness who are immunized against vaccine-preventable diseases, and to evaluate the impact of a nurse-led immunization program to improve vaccination coverage in this population. Methods: A retrospective audit of electronic medical records included 400 participants aged 15 to 24 years who had an encounter with the Young People’s Health Service, a nurse-led clinic co-located with a specialist youth homelessness service in Melbourne, Australia, between February 2019 and May 2021. Results: Integrating an immunization nurse within a youth specialist homelessness service increased the percentage of young people who were up-to-date with routine vaccinations from 6.0% (n = 24) to 38.8% (n = 155). Intersecting social determinants of health that increased participants’ risk of vaccine preventable diseases, and of missing routine vaccines, were common. Conclusions: Incomplete coverage of routine vaccines is common in young people accessing homelessness services, and this coverage was improved when young people encountered an immunization nurse while accessing support from a specialist youth homelessness service. As a service model, nurse-led community health clinics co-located within homelessness providers can improve vaccination coverage, and therefore health outcomes, of young people experiencing or at risk of homelessness. © The Author(s) 2023.",2023,,J. Prim. Care Community Health,14,,,,10.1177/21501319231204581,,#545,Tominc 2023,,
Using a System Dynamics Simulation Model to Identify Leverage Points for Reducing Youth Homelessness in Connecticut,"Hirsch, G.B.; Mosher, H.I.","Youth homelessness is a significant problem in most United States communities. Health problems are both a contributor to and a consequence of homelessness. Responses to youth homelessness are typically fragmentary. Different agencies deal with various causes and consequences of the problem. Stakeholders in Connecticut sought a more coherent approach. This article describes the development and use of a system dynamics simulation model as a decision-support tool that: (1) brings stakeholders together from diverse service sectors and allows them to see the system as a whole, (2) enables them to explore how delivery systems interact to affect homeless and unstably housed youth, (3) lets them test the impact of different intervention alternatives on reducing the problem, and (4) helps develop insights about coherent approaches to youth homelessness. The model’s development is described as a phased process including stakeholder engagement, causal mapping, and creation of the quantitative simulation model. The resulting model is presented along with an interface that enables stakeholders to use the model in a Learning Lab setting. Results of an initial set of Learning Labs are presented, including types of insights gained by participants from using the simulation model. Conclusions include limitations of the model and plans for its future use. © 2023 by the authors.",2023,,Systems,11,3,,,10.3390/systems11030163,,#564,Hirsch 2023,,
A Longitudinal Exploration of How Connections to Staff Facilitate Efficacy and Service Use in Drop-in Centers Serving Youth Experiencing Homelessness,"Rice, E.R.; DiGuiseppi, G.; Onasch-Vera, L.; Casey, E.; Cooper, T.; DiBattiste, M.","Introduction: Youth experiencing homelessness (YEH) benefit from a variety of services to meet their immediate and long-term needs. Drop-in centers are a popular service venue used by YEH. However, the mechanisms responsible for engaging youth in drop-in services are not clear. The current study uses longitudinal data to explore the role of positive staff relationships in increasing youths’ knowledge and efficacy to access and subsequently use drop-in center services. Methods: 731 youth (Mage = 21.8, SD = 2.2, 25.1% female) accessing services at three drop-in centers in Los Angeles, California participated in the study. Surveys were completed at baseline, 1-month, and 3-months later. Path models examined the direct effect of positive relationships with adult staff on service use at the 3-month follow-up, and the indirect effect of service knowledge (assessed at the 1-month follow-up). Results: The direct effect model showed that positive staff relationships at baseline were significantly associated with number of services used at the 3-month follow-up (aIRR = 1.24, 95% CI: 1.00, 1.54). Positive staff relationships were also associated with greater service knowledge at 1-month (b = 0.93, p < 0.001), which in turn was associated with greater service use at 3-months (IRR = 1.15, 95% CI: 1.04, 1.28). The indirect effect of service knowledge was significant (b = 0.13, p = 0.02), suggesting that the association between positive staff relationships and service use was completely mediated by service knowledge. Conclusions: The current study adds to the literature by demonstrating that positive relationships with staff lead to increased service use by increasing youths’ knowledge and efficacy to access services. Efforts should be made to develop positive relationships with YEH in order to engage them in essential services needed to exit homelessness. © 2023, The Author(s).",2023,,J. Prev.,44,3,359-371,,10.1007/s10935-023-00728-0,,#584,Rice 2023,,
Predicting Response to Services for Homeless Adolescents and Transition Age Youth (TAY) with Substance Use And/Or Mental Health Disorders: Implications for Youth Treatment and Recovery,"Passetti, L.; Smith Ramey, J.; Hunter, B.; Godley, M.","Purpose: This paper examines patterns of response to a multi-disciplinary wrap-around program for homeless adolescents and transition-aged youth with substance use and/or mental health disorders. Method: A cluster analysis of outcome data from 148 youth was conducted. Results: Cluster 1 (n = 67) demonstrated significant decreases in risky behavior (e.g., engaging in unprotected sex, crime, and substance use) and poor interpersonal relationships (e.g. more interaction with family and friends and lower rates of violence) but experienced relatively fewer interactions with family and friends. Cluster 2 (n = 57) demonstrated a significant decrease in poor life functioning (e.g., lower rates of employment/education, better quality of life, and less symptoms of internalizing disorders). Cluster 3 (n = 24) experienced significant increases in risky behavior, poor life functioning, and poor interpersonal relationships. Discussion: Clusters 1 and 2 improved over six months of care. Cluster 3 deteriorated despite receiving similar services and used more opioids and stimulants. Conclusions: Peer engagement in programs for this population are important. Recommendations for cluster 3 include targeted outreach, medication assisted treatment, and additional research-supported treatments. Further research is needed to test these interventions over longer periods of time. © 2023 Taylor & Francis.",2023,,J. Evid. Based Soc. Work,20,5,668-685,,10.1080/26408066.2023.2202663,,#591,Passetti 2023,,
Personalized audio montage: Impact of a receptive music therapy method-variation on youth experiencing homelessness,"Vaillancourt, G.; Peyrin, J.; Brault, A.; Thibeault, C.-A.; Gosselin, N.","Introduction: This quantitative research investigates the impact of a receptive music therapy method-variation, Personalized Audio Montage (called Montage Audio Personnalisé [MAP] in French), on self-reported levels of stress, anxiety, physical tension, fatigue, and mood of youth experiencing homelessness. Method: A single-group pretest-posttest design was used to determine the impact of MAP. Participants completed the co-researcher music therapist-developed Visual Analogue Scales (VAS) for five independent variables (i.e. self-reported levels of stress, anxiety, fatigue, physical tension, and mood), before and after participating in individual MAP sessions. Multivariate ANOVAs for repeated measures were used considering time (pretest-posttest), and MAP sessions as within-subjects factors. Results: Nine youth (n = 9) participated in one to three MAP sessions. There were 20 pre-tests and post-tests for each independent variable except for anxiety, for which 19 pre-tests and post-tests were completed. Results of quantitative data analysis show a statistically significant decrease in scores for self-reported levels of stress, anxiety and physical tension at post-session as compared to pre-session. No significant effect was observed for fatigue. Finally, mood scores significantly improved from prettest to posttest. Discussion: Findings suggest that MAP holds potential to be a valuable part of music therapists’ intervention strategies to support the emotional and physical well-being of youth experiencing homelessness. Limitations and future research recommendations are presented with regard to the small sample size and complexity of conducting research with youth experiencing homelessness. © 2022 GAMUT–The Grieg Academy Music Therapy Research Centre.",2023,,Nord. J. Music Ther.,32,4,307-320,,10.1080/08098131.2022.2129428,,#594,Vaillancourt 2023,,
Staff Members’ Experience of Italian Shelters for LGBTQIA+ Homeless and Runaway People: An Exploratory Study,"Tubertini, E.; Carbone, A.; Santinello, M.","Background: Some LGBTQIA+ people, after coming out, experience marginalization and homelessness due to rejection and discrimination from their family and community. The increase in support requests led to the creation of LGBTQIA+ temporary shelter homes worldwide. This study aims to explore the functioning and effectiveness of shelters, analyzing the experiences of staff members in Italy. Methods: Focus groups were held with a total of 15 staff members (age range: 32–53) working in three shelters for LGBTQIA+ people. Data were analyzed qualitatively through the grounded theory methodology. Results: Data coding showed five final core categories: (1) user characteristics; (2) staff characteristics; (3) community relations; (4) activities carried out by services; (5) criteria for intervention assessment and staff satisfaction. Results revealed some criticalities in the effectiveness of these services, particularly the difficulty in achieving autonomy for users, a weakness attributable to the non-exhaustive training of staff members and the funding discontinuity. Conclusion: To improve the efficacy of shelters, this study emphasizes the necessity to (a) carry out an analysis of the vulnerability of the local LGBTQIA+ community, (b) establish a stable network with local services (NHS system), and (c) implement staff members’ psychological training. © 2023 by the authors.",2023,,Int. J. Environ. Res. Public Health,20,13,,,10.3390/ijerph20136214,,#633,Tubertini 2023,,
"‘We're not a separate entity, we're staff now’ The involvement of transition age youth peer supporters in trauma-informed community partnerships","Siantz, E.; Center, K.; Lansing, A.E.; Sanghvi, N.; Gilmer, T.P.","Background: Transition age youth (TAY) experiencing mental illness, homelessness, and trauma face challenges in navigating the transition to adulthood. Age appropriate, trauma-informed support from peer specialists (PS) can assist TAY who have experienced trauma in navigating their transition to adulthood. Whether and how TAY PS are involved in trauma-informed community-based partnerships is unclear. This study explores TAY PS experiences with and social network positions in trauma-informed ‘TAY-support networks.’ Methods: Social network data were collected from four TAY-support networks. Structural analyses (network size and density) and core periphery analyses were conducted to elucidate TAY PS network positions, while focus groups were conducted with TAY PS to understand their experiences delivering services. Focus group data were analyzed using thematic analysis. Data were triangulated to understand whether and how focus group results expanded on our social network analysis. Results: TAY support networks included 194 persons (range: 32–55) and 26 TAY PS. In two networks, TAY PS were located at the network's core and periphery, and reported ongoing contributions to initiative activities. In two other networks, TAY PS were located at the network periphery and reported challenges with team communication. Conclusions: To maximize TAY PS contributions to multidisciplinary partnerships, organizations should 1) include TAY PS throughout program planning and implementation and 2) provide age-appropriate professional supports to TAY PS. © 2022 Elsevier Ltd",2023,,Child. Youth Serv. Rev.,144,,,,10.1016/j.childyouth.2022.106701,,#647,Siantz 2023,,
Preventing Homelessness Among Youth Aging Out of Foster Care: Formative Evaluation Results of a Coach-Like Engagement Model,"Davis, L.; Thibodeau, H.","Pathways to Success (Pathways) is a youth-driven intervention designed to prevent homelessness among youth with foster care experience as they approach early adulthood. This formative evaluation measures the feasibility of implementing this intervention and its potential for improving outcomes in several key areas. One hundred twenty-eight youth at risk of homelessness were provided Pathways, and outcomes were measured using pre- and post-survey data. Fidelity measures were established to ensure services were delivered as designed and rates of homelessness significantly decreased, from 37% at pretest to 10% following engagement with Pathways. This formative evaluation builds evidence for Pathways and lays the foundation for future research on homelessness prevention for youth with foster care experience. © The Author(s) 2023.",2023,,Fam. Soc.,,,,,10.1177/10443894231193272,,#655,Davis 2023,,
Mental Health Service Experiences Among Transition-Age Youth: Interpersonal Continuums that Influence Engagement in Care,"McCormick, K.A.; Chatham, A.; Klodnick, V.V.; Schoenfeld, E.A.; Cohen, D.A.","Purpose. Transition-age youth (TAY) who have experienced or are experiencing complex trauma, system involvement and homelessness are at increased risk for serious mental health needs and related challenges. However, these vulnerable and historically marginalized TAY typically have low rates of mental health service engagement. This study examines how and why TAY experiencing system involvement, homelessness, and serious mental health and substance use symptoms engage in mental health services, and what facilitates and/or hinders their engagement in services. Methods. Twenty-one TAY completed a virtual interview about their previous and current mental health service experiences, and why they did or did not engage with mental health services. A modified grounded theory qualitative analysis approach was used to understand how participants’ personal sense of meaning interacted with programmatic factors to construct participant experiences with mental health services. Results. Most participants (81%, n = 17) received mental health services, namely psychiatry (76%, n = 16) and counseling/therapy (48%, n = 10), and peer support (10%, n = 2). Participants described their mental health service experiences along three interpersonal and relational continuums between themselves and their providers: feeling (mis)understood, being treated with (dis)respect, and experiencing (dis)trust. Discussion. Study findings reveal that for these particularly vulnerable and marginalized TAY, relational and interpersonal factors significantly influenced their engagement in mental health services. Study findings call for providers to re-imagine their working alliance with highly vulnerable TAY through culturally-attuned practices that promote understanding, respect, and trust. Findings also call for TAY-serving programs and policies to re-imagine peer support as a mental health service option for this highly vulnerable population. © 2022, The Author(s), under exclusive licence to Springer Science+Business Media, LLC, part of Springer Nature.",2023,,Child Adolesc. Soc. Work J.,40,4,525-536,,10.1007/s10560-022-00890-0,,#664,McCormick 2023,,
Youth Homelessness: Researching VR as a Tool for Empathy,"Ameh, E.; Bowen, A.",,2023,,PEARC 2023 - Computing for the common good: Practice and Experience in Advanced Research Computing,,,433-436,,10.1145/3569951.3597576,,#685,Ameh 2023,,
Perceived safety in community and service settings among young adults experiencing homelessness: Differences by sexual and gender identity,"DiGuiseppi, G.; Semborski, S.; Rhoades, H.; Goldbach, J.; Henwood, B.F.","Homelessness poses risks to the health and safety of young adults; particularly among sexual and gender minority (SGM) young adults. The current study sought to better understand service use and perceived safety in community and service settings among SGM and cisgender heterosexual (cis-hetero) young adults experiencing homelessness. Data come from a mixed-method, ecological momentary assessment study (n = 80; 43% sexual minority; 10% gender minority) in Los Angeles, California. Participants reported their current location (service vs. nonservice setting) and perceived safety. Multilevel modeling examined associations between identity, location, and perceived safety; qualitative interviews with 20 SGM participants added context to quantitative findings. Overall, service location was associated with greater perceived safety (β =.27, p <.001). Compared to cis-hetero participants, cisgender sexual minorities (β = −.23, p =.03) and sexual and gender minorities (β = −.50, p =.002) reported lower perceived safety in service settings (vs. nonservice settings). Qualitative interviews revealed themes and subthemes detailing safe/unsafe spaces and interpersonal conflict in the community, and relationships with staff, peers, transphobia, and positive experiences in service settings. © 2022 The Authors. American Journal of Community Psychology published by Wiley Periodicals LLC on behalf of Society for Community Research and Action.",2022,,Am. J. Community Psychol.,70,4-Mar,340-351,,10.1002/ajcp.12606,,#733,DiGuiseppi 2022,,
Variability in treatment outcomes from a housing intervention for young mothers misusing substances and experiencing homelessness by sexual identity,"Mallory, A.B.; Luthy, E.; Martin, J.K.; Slesnick, N.","Sexual minority (SM) youth have twice the risk of experiencing homelessness compared to their heterosexual peers. Further, SM youth experiencing homelessness (YEH) report greater depression symptoms and substance use compared to heterosexual YEH. Housing First is an intervention that provides scattered-site individual apartments, without any prerequisite conditions for eligibility, and additional services to support long-term housing sustainment; however, few studies have examined the effectiveness of this approach for SM youth. The current study utilized data from a RCT that provided housing to young mothers experiencing homelessness to examine if treatment effects varied by mothers’ sexual identity. Mothers were randomly assigned to services as usual (i.e., provided a referral sheet of all services available in the community; SAU), Housing only (i.e., three months of utility and rental assistance; Housing), or housing and supportive services (integrates independent housing, Strengths-Based Outreach and Advocacy (SBOA), HIV prevention, and substance use/mental health counseling; Housing + SS). Latent growth curve models were estimated to assess how substance use and depression symptoms changed over the 12 months. SM mothers receiving SAU or Housing did not experience a significant change in substance use or depression symptoms. All groups of heterosexual mothers and SM mothers receiving Housing + SS had less substance use and depression symptoms at twelve months, with SM mothers in Housing + SS evidencing a steeper decline in substance use and depression symptoms. This study provides some of the first evidence that Housing First can mitigate the mental health and substance use concerns of SM YEH. Given SM's higher rates of homelessness, substance use, and depression symptoms, Housing First should be further explored as an intervention to address their unique needs. © 2022",2022,,Child. Youth Serv. Rev.,139,,,,10.1016/j.childyouth.2022.106554,,#737,Mallory 2022,,
A Kirkpatrick Model Process Evaluation of Reactions and Learning from My Strengths Training for Life™,"Quinton, M.L.; Tidmarsh, G.; Parry, B.J.; Cumming, J.","Underpinned by the New World Kirkpatrick model, and in the context of a community-based sport psychology programme (My Strengths Training for Life™) for young people experiencing homelessness, this process evaluation investigated (1) young peoples’ reactions (i.e., program and facilitator evaluation, enjoyment, attendance, and engagement) and learning (i.e., mental skills and transfer intention), (2) the relationship between reaction and learning variables, and (3) the mediators underpinning this relationship. A total of 301 young people living in a West Midlands housing service completed questionnaires on demographics and reaction and learning variables. Higher levels of programme engagement were positively associated with more favourable reactions to the programme. Enjoyment positively predicted learning outcomes, which was mediated by transfer intention. Recommendations are made for (1) a balance between rigor and flexibility for evaluation methods with disadvantaged youth, (2) including engagement as well as attendance as indicators of meaningful programme participation, (3) measuring programme experiences (e.g., enjoyment) to understand programme effectiveness, and (4) providing opportunities for skill transfer during and after programme participation. Our findings have implications for researchers, programme commissioners, and policymakers designing and evaluating programmes in community-based settings. © 2022 by the authors.",2022,,Int. J. Environ. Res. Public Health,19,18,,,10.3390/ijerph191811320,,#757,Quinton 2022,,
Watch Me Rise: An evaluation of Wraparound with homeless youth with a child welfare history,"Lindquist-Grantz, R.; Downing, K.; Hicks, M.; Houchin, C.; Ackman, V.","Older youth involved with child welfare experience disproportionate rates of homelessness after leaving custody compared to youth with no child welfare history. More intervention programs for this population are needed. Watch Me Rise (WMR) was developed as part of an initiative to build evidence for interventions that prevent homelessness among youth and young adults who have a child welfare history. WMR is based on High Fidelity Wraparound (Wraparound) and was implemented in a shelter that serves homeless youth (ages 18–24) in order to prevent them from experiencing recurring homelessness. The present study was part of a formative evaluation of youth outcomes in WMR and looks at preliminary findings within the first six months of enrollment in the program. A total of 87 youth enrolled in WMR during the evaluation period and results indicate youth housing stability improved within the first six months of youth enrolling in WMR. Youth also demonstrated improvements in life domain functioning and employment/employment readiness. Although several other outcomes were not achieved or the results were inconclusive, the study highlights important insights for working with and studying this important population. Implications for the implementation of WMR or Wraparound with homeless youth who have a child welfare history are discussed. © 2022",2022,,Child. Youth Serv. Rev.,141,,,,10.1016/j.childyouth.2022.106587,,#784,Lindquist-Grantz 2022,,
An examination of housing interventions among youth experiencing homelessness: An investigation into racial/ethnic and sexual minority status,"Hill, C.; Hsu, H.; Holguin, M.; Morton, M.; Winetrobe, H.; Rice, E.","Objectives: The purpose of this study is to explore main and interaction effects of minority and multiple minority statuses on exits from homelessness and the stability of homelessness exits overtime. Methods: This study utilized the Homeless Management Information System administrative data of 10 922 youth experiencing homelessness collected from a convenience sample of 16 geographically diverse communities across the USA between 2015-17. Using multinomial logistic regression analyses and logistic regression, main effects and interaction effects of racial/ethnic minority identity and sexual/gender minority identity were examined on various homelessness exits (n = 9957) and housing sustainability (n = 5836). Results: Black youth, relative to White youth, were disproportionately exiting homelessness through incarceration (P < 0.001). Black and Latinx youth were less likely to successfully self-resolve their homelessness (both P < 0.05). Black heterosexual and Black and Latinx non-heterosexual youth were most frequently lost to the homeless system (all P < 0.01). Black youth, relative to White youth, were approximately half as likely to remain stably housed after returning to family (P < 0.01). Conclusions: With respect to housing exits and exit stability, Black and Latinx heterosexual youth are consistently at a disadvantage. Homelessness/housing systems and programs need to conduct a deeper investigation into how they implement and develop equitable outreach and engagement practices.  © 2021 The Author(s). Published by Oxford University Press on behalf of Faculty of Public Health. All rights reserved.",2022,,J. Public Health,44,4,834-843,,10.1093/pubmed/fdab295,,#805,Hill 2022,,
Assessing the fidelity of delivery style of a mental skills training programme for young people experiencing homelessness,"Tidmarsh, G.; Whiting, R.; Thompson, J.L.; Cumming, J.","There is a need for positive youth development/strengths-based approaches to support the wellbeing and social inclusion of young people experiencing or at risk of homelessness. My Strengths Training for Life™ (MST4Life™) uses a strengths-based approach with the aim to improve young people's resilience, self-worth, wellbeing and engagement in education, employment, and training. This mixed methods study assessed the fidelity of delivery style of the MST4Life™ programme, the extent to which frontline service staff can delivery psychologically informed programmes to service users and identified barriers and enablers to delivering with fidelity to the intended style. Observations of programme delivery (two facilitators per session) took place across early, middle, and late phases of the programme across a pilot phase (n = 18) and main study (n = 45). Facilitators also completed self-reflection forms following each session. The mean observation score was 82.2 ± 15.7 %, and facilitator self-report mean adherence score was 89.3 ± 6.2 % which indicate that the programme was delivered with high fidelity. Quantitative data was also analysed using non-parametric statistical test (Mann-Whitney U Test). There was a significant difference between observation scores for deliverers with postgraduate psychology training compared to deliverers without postgraduate psychology training (p =.029). Qualitative data were analysed using inductive thematic analysis. Barriers and enablers included communication, frontline staff support, logistics, and participant behaviours. Overall, this study highlights that despite the challenges of delivering complex community programmes to young people experiencing homelessness, it was possible for frontline service staff to deliver MST4Life™ with high fidelity. © 2022 The Authors",2022,,Eval. Program Plann.,94,,,,10.1016/j.evalprogplan.2022.102150,,#839,Tidmarsh 2022,,
Post-housing first outcomes amongst a cohort of formerly homeless youth in Aotearoa New Zealand,"Fraser, B.; Chun, S.; Pehi, T.; Jiang, T.; Johnson, E.; Ombler, J.; McMinn, C.; Pierse, N.","This paper explores the government service interactions for a cohort of formerly homeless youth in Aotearoa New Zealand, using linked administrative data. We report the rates of service interactions pre- and post-housing for a cohort of 69 youth, aged 18–25 years old, who received housing and support from a Housing First provider. 60.9% were women, and 69.6% were Māori. Very high rates of service interactions were seen both before and after they were housed. The evidence shows promising potential improvements in young people’s lives when housed. The most significant changes we saw in the one and two years post-housing were in incomes from both wages/salaries and social welfare benefits; there was a significant increase in total income for our cohort. There was also a promising reduction in hospitalisations and emergency deparment admissions. Overall, Housing First shows promising outcomes for youth. © 2022 The Author(s). Published by Informa UK Limited, trading as Taylor & Francis Group.",2023,,J. R. Soc. New Zealand,53,5,656-672,,10.1080/03036758.2022.2088572,,#843,Fraser 2023,,
Effect of Portable Rent Subsidies and Mentorship on Socioeconomic Inclusion for Young People Exiting Homelessness: A Community-Based Pilot Randomized Clinical Trial,"Thulien, N.S.; Amiri, A.; Hwang, S.W.; Kozloff, N.; Wang, A.; Akdikmen, A.; Roglich, J.; Nisenbaum, R.","Importance: There have been no published randomized clinical trials with a primary outcome of socioeconomic inclusion for young people who have experienced homelessness. Objective: To explore whether young people exiting homelessness who received rent subsidies and adult mentorship experienced more socioeconomic inclusion relative to young people who received only rent subsidies. Design, Setting, and Participants: This was a convergent mixed-methods, unblinded, 2-group, parallel randomized clinical trial with 1:1 allocation embedded within a community-based framework in 3 cities in Ontario, Canada. Participants were enrolled between March 1 and September 30, 2019, and were followed up through March 31, 2022. Interventions: Participants (n = 24) were randomly assigned adult mentors (n = 13) who had been recruited and screened by community partner agencies. All participants received portable rent subsidies (subsidy not tied to a specific location) for 2 years. Main Outcomes and Measures: Primary quantitative outcomes were self-reported measures of community integration (psychological and physical) and self-esteem - proxy indicators of socioeconomic inclusion. Community integration was measured with the Community Integration Scale, with a score range of 1 to 7 for the physical component and 4 to 20 for the psychological component; higher scores indicate higher integration. Self-esteem was measured with the Rosenberg Self-Esteem Scale, with a score range of 0 to 30; higher scores indicate greater self-esteem. Secondary quantitative outcomes included social connectedness, hopelessness, and academic and vocational participation. All analyses followed the intention-to-treat principle. Results: A total of 24 youths (12 women [50.0%]; mean [SD] age, 21.8 [2.2] years [range, 18-26 years]; race and ethnicity: 10 White [41.7%], 8 Black [33.3%], 2 Asian [8.3%], 2 Indigenous [8.3%], and 2 different choice [8.3%]) transitioned out of homelessness and into market-rent housing. All youths in the group that received mentorship and in the group that did not receive mentorship had stable or nonsignificant improvements in all study outcomes at the primary end point of 18 months compared with baseline (mean [SD] Community Integration Scale psychological score: mentorship group, 11.3 [2.6] at baseline and 11.2 [3.9] at 18 months; no-mentorship group, 10.8 [4.1] at baseline and 13.2 [2.9] at 18 months; mean [SD] Rosenberg Self-Esteem Scale score: mentorship group, 16.0 [4.6] at baseline and 18.1 [5.2] at 18 months; no-mentorship group, 16.3 [6.1] at baseline and 19.6 [5.7] at 18 months). However, there were no significant differences between the 2 groups in the Community Integration Scale psychological score (adjusted mean difference, -2.0; 95% CI, -5.0 to 1.0; P =.18) and Rosenberg Self-Esteem Scale score (adjusted mean difference, -1.4; 95% CI, -5.0 to 2.3; P =.44) 18 months after randomization. Ancillary analysis suggested that youths with informal mentors (mentors outside the study) at baseline felt more psychologically integrated at 18 months relative to those with no informal mentors at baseline (adjusted mean difference, 3.6; 95% CI, 0.4-6.8; P =.03). Conclusions and Relevance: In this randomized clinical trial, COVID-19 pandemic-related restrictions made it challenging for mentors and mentees to connect, which may have affected the findings. Steady socioeconomic outcomes - potentially attributable to portable rent subsidies - are noteworthy, given the socioeconomic inequities this population has faced during the COVID-19 pandemic. The possible benefit of informal mentorship warrants further investigation. This small pilot study was designed with the intention of generating data and hypotheses for a full-scale study; findings should be interpreted with caution. © 2022 JAMA Network Open. All right reserved.",2022,,JAMA Netw. Open,5,10,E2238670,,10.1001/jamanetworkopen.2022.38670,,#844,Thulien 2022,,
Do Independent Living Services Protect Youth Aging Out Foster Care From Adverse Outcomes? An Evaluation Using National Data,"Huang, H.; Li, Y.; Campbell, J.M.","Objective: Youth aging out foster care are at high risk of experiencing adverse outcomes. Federal funded programs have provided independent living services (ILSs) to these youth. This study evaluated the effectiveness of the continuity of ILSs at ages 17–19 in protecting youth aging out foster care from homelessness and incarceration at ages 19–21. Method: This study used data on 4,853 foster youth from the National Youth in Transition Database and the Adoption and Foster Care Analysis and Reporting System. Logistic regression was used to regress two binary outcomes on seven ILS variables and covariates. Results: The results suggest that remaining in foster care, continuous receipts of academic support, and financial assistance services at ages 17–19 protected foster youth from experiencing homelessness. Remaining in foster care and continuous receipt of financial assistance services at ages 17–19 protected foster youth from incarceration at ages 19–21. But, surprisingly, continuous receipt of housing education and home management training, and health education and risk prevention training at ages 17–19 were each associated with increased risk of homelessness at ages 19–21. The results also showed statistically significant effects of several covariates. Conclusion: Implications are provided based on the importance of financial assistance and academic support services. © The Author(s) 2021.",2022,,Child Maltreatmet,27,3,444-454,,10.1177/1077559521992119,,#852,Huang 2022,,
“I just needed someone to believe in me.” A qualitative analysis of youths’ experiencing homelessness perspectives of a housing first intervention,"Brakenhoff, B.; Martin, J.; Slesnick, N.; Holowacz, E.; Yilmazer, T.; Chavez, L.; Kelleher, K.","Housing first interventions are commonly considered best practice when addressing homelessness among adults. However, to date to there is limited research exploring housing first interventions with youth experiencing homelessness. Homeless youth are a distinctly different population than homeless adults, thus housing first interventions will need to consider the unique needs of homeless youth. To better understand how homeless youth may respond to a housing first intervention, the current study utilized qualitative interviews with 17 youth who had recently participated in a 6-month housing first intervention. Overall, youth reported generally positive experiences and believed the intervention had led to improvements in their lives. Similar to research with homeless adults, it appears that by being provided housing youth were able to move out of survival mode, which led to their feelings of self-improvement. © 2022 Elsevier Ltd",2022,,Child. Youth Serv. Rev.,143,,,,10.1016/j.childyouth.2022.106655,,#854,Brakenhoff 2022,,
Promoting Healthy Attitudes and Behaviors in Youth Who Experience Homelessness: Results of a Longitudinal Intervention Study,"Rew, L.; Slesnick, N.; Johnson, K.; Sales, A.","Purpose: The aim of this study is to determine the effectiveness of a brief intervention to promote responsible substance use and safe sex behaviors in youths experiencing homelessness (YEH). Methods: DESIGN: A Solomon four-group (double randomized controlled trial) longitudinal design with repeated measures (3- and 6-month follow-ups) was used in drop-in centers for YEH in Austin, Texas and Columbus, Ohio from which 602 youths, 18-24 years-old (M = 21 ± 1.8), 50% white; 69.9% heterosexual were recruited. A manualized one-on-one intervention consisted of six modules delivered via laptop computers. Modules focused on communication, goal-setting, substance use refusal, safe sex behaviors, enhanced psychological capital (hope, optimism, resilience, self-efficacy, gratitude), and life satisfaction. Valid and reliable measures of hope, optimism, future time perspective, resilience, social connectedness, gratitude, condom intention, self-efficacy for safe sex, safe sex behaviors, self-efficacy for substance use refusal, and life satisfaction were used to collect data for which three hypotheses were tested, using intent to treat, with multi-level modeling (R). Results: The analysis showed partial support for all hypotheses: (1) post-test outcomes were greater than pretests; (2) intervention group outcomes were greater than control group measures; and (3) significant effects for pretesting. YEH in Ohio completed significantly more sessions than YEH in Texas (p = .001), but took significantly longer to complete all six sessions (p = .001). Discussion: This brief intervention had significant effects on YEH to promote healthy attitudes and behaviors that merit further testing in larger samples. © 2022 Society for Adolescent Health and Medicine",2022,,J. Adolesc. Health,70,6,942-949,,10.1016/j.jadohealth.2021.12.025,,#859,Rew 2022,,
"A Benefit-Cost Analysis of BackTrack, a Multi-Component, Community-Based Intervention for High-Risk Young People in a Rural Australian Setting","Deeming, S.; Edmunds, K.; Knight, A.; Searles, A.; Shakeshaft, A.P.; Doran, C.M.","BackTrack is a multi-component, community-based program designed to build capacity amongst high-risk young people. The aim of this study was to conduct a benefit-cost analysis of BackTrack, which was implemented in Armidale, a rural town in New South Wales, Australia. Costs and benefits were identified, measured and valued in 2016 Australian dollars. Costs were estimated from program financial and administrative records. Benefits were estimated using a pre-post design and conservative economic assumptions. Benefits included education attendance or completion; employment; engagement with health service providers; reduced homelessness; economic productivity; reduced vandalism to local infrastructure; reduced youth crime; reduced engagement with the justice system; and program income generated by participants. The counterfactual baseline was zero educational outcome, based on discussions with BackTrack staff and expert informants. We tested this assumption compared to the assumption that participants had a Year 8 education. There was evidence of significant quantifiable improvements in several outcomes: high school attendance or completion, vocational education attendance or completion, unskilled or vocationally qualified employment and economic productivity. Reduced homelessness, engagement with health services and acquisition of job readiness skills, as well as reduced local infrastructure vandalism and reduced crime were further quantifiable improvements. The net social benefit of BackTrack was estimated at $3,267,967 with a benefit-cost ratio of 2.03, meaning that every dollar invested in BackTrack would return $2.03 in benefits. BackTrack represents a viable funding option for a government interested in addressing the needs of high-risk young people. © 2022 by the authors.",2022,,Int. J. Environ. Res. Public Health,19,16,,,10.3390/ijerph191610273,,#866,Deeming 2022,,
Feasibility of a computer-assisted social network motivational interviewing intervention to reduce substance use and increase supportive connections among emerging adults transitioning from homelessness to housing,"Kennedy, D.P.; Osilla, K.C.; Tucker, J.S.","Background: Social networks may play positive and negative roles in the lives of young adults experiencing homelessness (YEH) who are transitioning into housing. Social networks can influence their alcohol and/or other drug (AOD) use, as well as provide immediate and long-term support necessary for a successful transition. Methods: We adapted a four-session computer-assisted motivational interviewing social network intervention (MI-SNI) for YEH transitioning into housing. We iteratively adapted and beta tested the intervention for delivery by case managers at an organization that provides supportive housing to YEH. We conducted a focus group with agency staff (n = 6), role-play exercises with case managers (n = 3), and semi-structured interviews with residents (n = 6). Interview data were thematically analyzed with open coding. This study presents the first adaptation of an innovative social network-based motivational intervention to reduce AOD use and increase stable, prosocial supportive connections via visualizations of the structure and composition of the individual’s social network. Results: Participants rated sessions as “moderately” to “very” helpful and “good” quality on average. Participants agreed that the sessions were helpful, understandable, and satisfying and would work for new residents. Themes emerged in four broad categories: (1) Acceptability, (2) Positive benefits, (3) Visualization reactions, and (4) MI-SNI interface reactions. For the acceptability category, three sub-themes emerged: (1) understandability, (2) enjoyability and ease of use, (3) and barriers to acceptability. Five sub-themes emerged about the intervention’s likelihood to trigger positive benefits: (1) learning/new insights, (2) enhancement to motivation to change, (3) making AOD changes, (4) building social support, and (5) the intervention’s usefulness to some but not others. Five sub-themes also emerged from comments about the social network visualizations: (1) general positive comments, (2) understandability, (3) new insights, (4) triggering changes in social support, and (5) triggering changes in AOD use. When discussing the MI-SNI intervention interface beyond the visualizations, discussions emerged in three thematic categories: (1) discussion of name listing, (2) discussion of screen wording, and (3) the use of a computer interface to deliver the intervention. Conclusions: Results suggest that the MI-SNI is acceptable to YEH and can be feasibly delivered by case managers during case management sessions. Trial registration ClinicalTrials.gov Identifier: NCT04637815. Registered November 10, 2020. © 2022, The Author(s).",2022,,Addict. Sci. Clin. Pract.,17,1,,,10.1186/s13722-022-00307-4,,#910,Kennedy 2022,,
Characteristics Associated with Housing Loss Among Youth in a Rapid Rehousing Program,"Youngbloom, A.J.; Farnish, K.A.; Schoenfeld, E.A.","Housing First programs, such as rapid rehousing, are a well-established approach to addressing homelessness among adults, yet there remains a lack of research demonstrating the ability of such services to effectively promote housing stability among youth. Given the paucity of work examining the factors associated with housing stability for formerly homeless youth, the current exploratory study was conducted to determine the characteristics associated with housing loss (i.e., due to evictions or notices to vacate) among youth (N = 60) housed through a rapid rehousing program. Data collected through service delivery at an agency in Austin, Texas, were examined as part of this analysis, including sociodemographic information, mental health and substance misuse, and other background and psychosocial factors. Stepwise regression analyses revealed significant positive associations between youth’s loss of housing and the following three factors: (1) foster care history; (2) identifying as lesbian, gay, bisexual, transgender, or questioning (LGBTQ); and (3) depression. Results from this study highlight the need for more tailored support for youth who have a history of foster care involvement, identify as LGBTQ, or are experiencing depression as they exit homelessness through a rapid rehousing program. Ensuring adequate and appropriate formal and informal support for these youth can improve the efforts of rapid rehousing programs in promoting housing stability. © 2021, The Author(s), under exclusive licence to Springer Science+Business Media, LLC part of Springer Nature.",2022,,Child Adolesc. Soc. Work J.,39,4,471-483,,10.1007/s10560-021-00751-2,,#917,Youngbloom 2022,,
Homeless youth shelters and services for transgender and gender non-conforming (TGNC) clients: Results from a nationwide survey,"Bowers, P.H.; Aguiniga, D.M.; Reamer, D.; Reynolds, J.","This study explored results from a nationwide survey conducted with homeless youth shelter directors. The research sought to further the understanding of how policy and societal changes about gender affirming access to services have affected service delivery and accommodations at homeless youth shelters for transgender and gender non-conforming (TGNC) youth. Results from (n = 117) youth shelters indicate the majority of those surveyed are current in implementing many of the Housing and Urban Development (HUD) gender affirming policies. Among others, recommendations include a need for shelters to incorporate TGNC safety accommodations, and to update dress code policies from a universal design perspective. © 2022 Taylor & Francis Group, LLC.",2023,,J. Gay Lesbian Soc. Serv.,35,3,298-312,,10.1080/10538720.2022.2072440,,#925,Bowers 2023,,
Substance Use and Mental Health Outcomes from a Text Messaging-Based Intervention for Smoking Cessation Among Young People Experiencing Homelessness,"Pedersen, E.R.; Linnemayr, S.; Shadel, W.G.; Zutshi, R.; Deyoreo, M.; Cabreros, I.; Tucker, J.S.","Introduction: Cigarette smoking and associated high-risk behaviors are prevalent among youth experiencing homelessness (YEH), making appropriately tailored interventions targeting smoking behavior important for this group. We pilot tested a brief text-messaging intervention (TMI) as an adjunct to standard care for YEH who smoke and found promising preliminary effects of the intervention on smoking cessation. The purpose of the present study was to test the TMI's effect on the secondary outcomes of other substance use (including use of other tobacco/nicotine devices) and mental health symptoms. Methods: A total of 77 participants completed the pilot randomized controlled trial, with 40 receiving the TMI (174 automated text messages plus a group smoking counseling session and provision of nicotine patches). They completed an assessment at baseline and another three months later that evaluated use of other tobacco/nicotine devices, alcohol, marijuana, and anxiety and depression symptoms. Results: We found that the TMI helped to reduce secondary substance use behaviors and mental health symptoms among the participants; mainly there were medium effects of the intervention on changes in other tobacco/nicotine use, drinking, and anxiety and depression symptoms. The intervention did not have an effect on number of marijuana use days in the past month; however, past 30-day marijuana users who received the intervention benefited by reducing the number of times they used marijuana per day. Conclusions: In addition to helping reduce cigarette smoking, we found that a TMI for YEH was helpful in improving secondary outcomes, suggesting the promise of the TMI on benefiting YEH even beyond targeted smoking behavior. Implications: This pilot study demonstrates that by targeting cigarette smoking using a text message-based intervention among youth experiencing homelessness, effects may be seen in other areas of functioning such as other substance use and mental health. Trial registration: ClinicalTrials.gov Identifier NCT03874585. Registered March 14, 2019, https://clinicaltrials.gov/ct2/show/record/NCT03874585. © 2021 The Author(s). Published by Oxford University Press on behalf of the Society for Research on Nicotine and Tobacco. All rights reserved.",2022,,Nicotine Tob. Res.,24,1,130-134,,10.1093/ntr/ntab160,,#960,Pedersen 2022,,
"A Peer-Led, Artificial Intelligence-Augmented Social Network Intervention to Prevent HIV Among Youth Experiencing Homelessness","Rice, E.; Wilder, B.; Onasch-Vera, L.; Diguiseppi, G.; Petering, R.; Hill, C.; Yadav, A.; Lee, S.-J.; Tambe, M.","Background:Youth experiencing homelessness (YEH) are at elevated risk of HIV/AIDS and disproportionately identify as racial, ethnic, sexual, and gender minorities. We developed a new peer change agent (PCA) HIV prevention intervention with 3 arms: (1) an arm using an artificial intelligence (AI) planning algorithm to select PCAs; (2) a popularity arm, the standard PCA approach, operationalized as highest degree centrality (DC); and (3) an observation-only comparison group.Setting:A total of 713 YEH were recruited from 3 drop-in centers in Los Angeles, CA.Methods:Youth consented and completed a baseline survey that collected self-reported data on HIV knowledge, condom use, and social network information. A quasi-experimental pretest/posttest design was used; 472 youth (66.5% retention at 1 month postbaseline) and 415 youth (58.5% retention at 3 months postbaseline) completed follow-up. In each intervention arm (AI and DC), 20% of youth was selected as PCAs and attended a 4-hour initial training, followed by 7 weeks of half-hour follow-up sessions. Youth disseminated messages promoting HIV knowledge and condom use.Results:Using generalized estimating equation models, there was a significant reduction over time (P < 0.001) and a significant time by AI arm interaction (P < 0.001) for condomless anal sex act. There was a significant increase in HIV knowledge over time among PCAs in DC and AI arms.Conclusions:PCA models that promote HIV knowledge and condom use are efficacious for YEH. Youth are able to serve as a bridge between interventionists and their community. Interventionists should consider working with computer scientists to solve implementation problems.  Copyright © 2021 The Author(s).",2021,,J. Acquired Immune Defic. Syndr.,88,,S20-S26,,10.1097/QAI.0000000000002807,,#963,Rice 2021,,
Motivational network intervention to reduce substance use and increase supportive connections among formerly homeless emerging adults transitioning to housing: study protocol for a pilot randomized controlled trial,"Tucker, J.S.; Kennedy, D.P.; Osilla, K.C.; Golinelli, D.","Background: Studies indicate high rates of substance use among youth experiencing homelessness (YEH). Further, the social networks of YEH, although multi-dimensional in composition, are largely comprised of other YEH, substance users, and individuals who do not provide the youth with tangible or emotional support. For YEH who have the opportunity to enter a housing program, helping them to reduce their substance use and strengthen their prosocial supportive connections during this critical transition period may increase their stability and reduce their risk of re-entering homelessness. The goal of this study is to pilot test a brief motivational network intervention (MNI), delivered by case managers, to help former YEH who have recently transitioned to a housing program reduce their substance use and strengthen their prosocial supportive connections. Methods/design: Up to 60 residents of housing programs in the Los Angeles area will be randomized to receive four sessions of usual case manager support or four sessions of case manager support + MNI. Each MNI session consists of three parts: (1) identifying two goals that are most important for the resident over the next year (e.g., get or keep a job, finish or stay in school, reduce substance use); (2) a network interview with the resident to capture network data pertaining to their interactions in the past 2 weeks; and (3) a discussion between the case manager and the resident of the resulting network visualizations, conducted in a Motivational Interviewing (MI) style, and what role the resident’s network may play in reaching their most important goals over the next year. Discussion: This study addresses a critical gap by pilot testing a computer-assisted MNI, delivered using MI techniques, that can help case managers work with recent YEH to reduce substance use and increase permanent supportive connections during the critical transitional period from homelessness to housing. Trial registration ClinicalTrials.gov Identifier: NCT04637815. Registered November 10, 2020. © 2021, The Author(s).",2021,,Addict. Sci. Clin. Pract.,16,1,,,10.1186/s13722-021-00227-9,,#967,Tucker 2021,,
Challenges and Solutions in Evaluation Technical Assistance During Design and Early Implementation,"Gothro, A.; Hanno, E.S.; Bradley, M.C.","This case study discusses two federal grant initiatives and the evaluation technical assistance (ETA) provided to the grantees. One program is a multiphase program funded by the Children’s Bureau (CB) within the U.S. Department of Health and Human Services, Administration for Children and Families. The program funded communities interested in preventing homelessness among youth and young adults with child welfare histories. The funder, grantees, and ETA provider call it Youth At-Risk of Homelessness (YARH). Six federal agencies—the U.S. Departments of Education, Health and Human Services, and Labor, the Corporation for National and Community Service, and the Institute for Museum and Library Services—supported the second initiative known as Performance Partnership Pilots for Disconnected Youth (P3). We discuss the programs together as they share common features including a focus on building evidence, a focus on disconnected youth, use of liaisons to work with grantees who are developing interventions and planning or conducting evaluations at the same time, and having the same liaisons provide ETA to both the grantee/service providing group and the local evaluator. The article discusses (1) the grant programs, (2) details about ETA including its funding and provision, (3) details about the success and utilization of ETA, (4) benefits of ETA, and (5) balancing program or initiative requirements and evaluation needs and concludes with (6) thoughts on how to make ETA successful. © The Author(s) 2020.",2022,,Eval. Rev.,46,1,31-Oct,,10.1177/0193841X20911527,,#1006,Gothro 2022,,
How do peer support workers value self-directed growth over conventional change goals among young people experiencing homelessness?,"Erangey, J.; Marvin, C.; Littman, D.M.; Bender, K.; Mollica, M.; Milligan, T.; Lucas, T.","The aim of this study is to explore how peer support workers (individuals with similar lived experiences employed to provide support) conceptualize change work with young people experiencing homelessness. The present study used participatory qualitative methods, including semistructured interviews and journaling with peer support workers and program supervisors and administrators, to understand how peers understand change work with young people experiencing homelessness. This study found that peers center self-directed growth among young people experiencing homelessness, rather than change that prioritizes meeting program-directed outcomes such as obtaining housing or gaining employment. Peer relationships invite possibility and create containers of hope when supporting young people experiencing homelessness, regardless of their paths. Lastly, peers recognize that growth happens in seasons, and embrace such seasons as checkpoints on youths' journeys. Such findings may guide service providers beginning peer programming or those considering models for engaging young people experiencing homelessness in relationship-supported growth. © 2021 Wiley Periodicals LLC.",2022,,J. Community Psychol.,50,4,1935-1951,,10.1002/jcop.22649,,#1013,Erangey 2022,,
Cultural adaptation considerations of a comprehensive housing outreach program for indigenous youth exiting homelessness,"Lund, J.I.; Toombs, E.; Mushquash, C.J.; Pitura, V.; Toneguzzi, K.; Bobinski, T.; Leon, S.; Vitopoulos, N.; Frederick, T.; Kidd, S.A.","Generalist health interventions that aim to reduce chronic health disparities between Indigenous and non-Indigenous populations can be culturally adapted to better meet the needs of Indigenous people in Canada; however, little is known regarding best practices in implementing these adaptations. The present study first provides a review of the research process used to adapt a previous evidence-based housing initiative for Indigenous youth in Northwestern Ontario. Second, it includes an overview of the adaptations that were made and the associated rationale for such adaptations. Third, it examines the experiences of participants and staff involved in the cultural adaptation of the Housing Outreach Program Collaborative (HOP-C), a health intervention re-designed to improve physical and mental health outcomes, wellbeing, and social support for formerly homeless Indigenous youth as they secure housing. Qualitative feedback from interviews with 15 participants and eight program staff, in addition to one focus group with an additional six frontline workers, described perceived outcomes of the program's cultural adaptations. Modifications to the overall program structure, specific roles within the program (including counseling services, peer mentorship, cultural services, and case management), and adaptations to general implementation within the health organization providing the intervention were described by participants and staff as effective and helpful adaptations. The focus of Indigenous values at an organizational level led to consistent adaptations in counseling and case management to best meet the unique needs of the youth involved. Based upon participant interviews, recommendations to future adaptations are provided. © The Author(s) 2022.",2022,,Transcult. Psychiatry,,,,,10.1177/13634615221135438,,#1019,Lund 2022,,
MYPATH: A novel mindfulness and yoga-based peer leader intervention to prevent violence among youth experiencing homelessness,"Barr, N.; Petering, R.; Onasch-Vera, L.; Thompson, N.; Polsky, R.","Young adults experiencing homelessness (YAEH) are at elevated risk for violence victimization and perpetration. However, there are no evidence-based violence prevention interventions for homeless populations. This study is an evaluation of a novel mindfulness-based peer-leader intervention designed to reduce violence and improve mindfulness in YAEH. A social network of YAEH receiving services at a drop-in agency was recruited in Summer 2018 (n = 106) and peer-leaders identified at baseline (n = 12). Peer leaders were trained in mindfulness and yoga skills during a 1-day intensive workshop and seven 1-h weekly follow-up workshops and encouraged to share their knowledge with in-network peers. Postintervention data were collected 2 and 3 months after baseline. Two one-way repeated-measures analyses of variance (ANOVAs) tested differences in means for mindfulness and fighting. ANOVA models showed significant increases in group mean mindfulness F(2, 110) = 3.42, p < 0.05 and significant decreases in group mean violent behavior F(2, 112) = 5.23, p < 0.01 at the network level. Findings indicate a network-based, peer-leader model can be effective for influencing complex, socially conditioned attitudes and behaviors among YAEH. Additional advantages of the peer-leader model include relatively few direct-service person-hours required from providers and convenience to participants able practice skills in their relevant social contexts. © 2021 Wiley Periodicals LLC.",2022,,J. Community Psychol.,50,4,1952-1965,,10.1002/jcop.22661,,#1025,Barr 2022,,
"The My Strengths Training for Life™ program: Rationale, logic model, and description of a strengths-based intervention for young people experiencing homelessness","Cumming, J.; Whiting, R.; Parry, B.J.; Clarke, F.J.; Holland, M.J.G.; Cooley, S.J.; Quinton, M.L.","Traditionally, UK housing services have focused on providing temporary accommodation, identifying risk factors, and preventing negative outcomes to young people experiencing homelessness. However, deficit approaches may lead young people to becoming dependent on services and face greater marginalization and stigmatization. Meeting long-standing calls to focus more on young people's positive attributes and abilities, the My Strengths Training for Life™ (MST4Life™) program was developed as a community partnership with a large housing service. This paper describes the rationale, logic model, and content of the MST4Life™ program using the TIDieR (Template for Intervention Description and Replication) checklist. MST4Life™ is a strengths-based and experiential psychoeducation intervention for young people aged 16–24 years who are homeless or at risk. Grounded in positive youth development and basic psychological needs theory, its aim is to provide meaningful opportunities for participants to recognize, use, and further develop their mental skills and strengths. In turn, enhancing intentional self-regulation is expected to improve physical, mental, and social health and wellbeing, and support positive transitions to independent living. The potential long-term impacts include a reduction in the number of young people returning as homeless, lower rates of mental illness and mortality, and a cost saving to the public purse. © 2022 Elsevier Ltd",2022,,Eval. Program Plann.,91,,,,10.1016/j.evalprogplan.2021.102045,,#1036,Cumming 2022,,
"Improving access for the vulnerable: a mixed-methods feasibility study of a pop-up model of care in south-eastern Melbourne, Australia","Russell, G.; Westbury, S.; Clifford, S.; Sturgiss, E.; Fragkoudi, A.; Macindoe, R.; Stuart, D.; Kunin, M.; Walsh, J.; Scott, C.","Access to appropriate health and social care is challenging for vulnerable populations. We used a 'pop-up' delivery model to bring community-based services in contact with communities with poor access to health and social care. Our aim was to examine whether pop-up events improve access to essential health and social support services for selected vulnerable communities and increase collaboration between community-based health and social services. Set in south-eastern Melbourne, two pop-up events were held, one with people at risk of homelessness attending a community lunch and the other with South Sudanese women helping at-risk youth. Providers represented 20 dental, housing, justice, employment and mental health services. We made structured observations of each event and held semi-structured interviews with consumers and providers. Pre-post surveys of managers assessed acceptability and perceived impact. We reached 100 community participants who had multiple needs, particularly for dentistry. Following the events, participants reported increased knowledge of services and access pathways, community members spoke of increased trust and partnerships between service providers were fostered. The pop-up model can increase provider collaboration and provide new options for vulnerable populations to access needed services. 'Bringing the service to the person' is a compelling alternative to asking consumers to negotiate complex access pathways.  © 2022 Journal Compilation",2022,,Aust. J. Prim. Health,28,2,143-150,,10.1071/PY21188,,#1091,Russell 2022,,
"Illicit Drug Use, Cognitive Distortions, and Suicidal Ideation Among Homeless Youth: Results From a Randomized Controlled Trial","Wu, Q.; Zhang, J.; Walsh, L.; Slesnick, N.","Illicit drug use and cognitive distortions confer significant risks to youth suicidal thoughts and behaviors. However, there has been limited evidence regarding the efficacy of suicide prevention interventions with homeless youth, especially studies testing whether such interventions can reduce the risk for suicidal ideation associated with illicit drug use. Suicidal homeless youth (N = 150) between the ages of 18 to 24 years were recruited from a drop-in center. Youth were randomly assigned to Cognitive Therapy for Suicide Prevention (CTSP) + Treatment as Usual (TAU) or TAU alone. Youth reported their illicit drug use, cognitive distortions, and suicidal ideation 4 times over 9 months. A multiple-group multilevel structural equation model showed that higher illicit drug use at baseline predicted a slower reduction in cognitive distortions and suicidal ideation in the TAU group. These associations were not found in the CTSP + TAU group, suggesting an interruption of such risk from illicit drug use. Findings suggest that CTSP can reduce the risk of illicit drug use as a treatment barrier towards cognitive distortions and suicidal ideation among homeless youth, with implications to improve treatment efforts and to reduce premature mortality in a vulnerable population. © 2021",2022,,Behav. Ther.,53,1,92-104,,10.1016/j.beth.2021.06.004,,#1115,Wu 2022,,
"“Prevention of opioid use disorder: the HOME (housing, opportunities, motivation and engagement) feasibility study”","Kelleher, K.J.; Famelia, R.; Yilmazer, T.; Mallory, A.; Ford, J.; Chavez, L.J.; Slesnick, N.","Young adults experiencing homelessness are at high risk of opioid and other substance use, poor mental health outcomes, exposure to trauma, and other risks. Providing access to stable housing has the potential to act as a powerful preventive intervention, but supportive housing programs have been studied most often among chronically homeless adults or adults with serious mental illness. The Housing First model, which does not precondition supportive housing on sobriety, may reduce drug use in homeless adults. In the present study, we piloted an adapted model of Housing First plus prevention services that was tailored to the needs of young adults (18–24 years) experiencing homelessness in the USA. Preventive services were added to the Housing First model and included youth-centered advocacy services, motivational interviewing, and HIV risk prevention services. This model was piloted in a single-arm study (n = 21) to assess the feasibility, acceptability, and initial efficacy of a Housing First model over a 6-month period in preparation for a larger randomized trial. We use repeated measures ANOVA to test for changes in alcohol and drug use (percent days of use; alcohol or drug use consequences), housing stability, social network support, and cognitive distortions over 6 months of follow-up. A total of 17 youth completed the study (85% retention), and a high proportion of youth were stably housed at 6-month follow-up. Participation in intervention services was high with an average of 13.57 sessions for advocacy, 1.33 for MI, and 0.76 for HIV prevention. Alcohol use did not change significantly over time. However, drug use, drug use consequences, and cognitive distortions, and the size of youths’ social networks that were drug using individuals decreased significantly. The Housing First model appeared to be feasible to deliver, and youth engaged in the supportive intervention services. The study demonstrates the potential for an adapted Housing First model to be delivered to youth experiencing homelessness and may improve outcomes, opening the way for larger randomized trials of the intervention. © 2021, The Author(s).",2021,,Harm Reduct. J.,18,1,,,10.1186/s12954-021-00560-x,,#1118,Kelleher 2021,,
A Feasibility Study of the My Strengths Training for Life™ (MST4Life™) Program for Young People Experiencing Homelessness,"Cumming, J.; Clarke, F.J.; Holland, M.J.G.; Parry, B.J.; Quinton, M.L.; Cooley, S.J.","My Strengths Training for Life™ (MST4Life™) is a positive youth development program for improving wellbeing and social inclusion in young people experiencing homelessness. MST4Life™ addresses a gap in strengths-based programs aimed at promoting healthy and optimal development in vulnerable older adolescents/emerging adults. The program was co-developed with a UK housing service as part of a long-term (>8 years) community–academic partnership. This mixed-methods study describes a key step in developing and evaluating the program: exploring its feasibility and acceptability with 15 homeless young people (Mean age = 19.99 years, SD = 2.42; 60% male, 40% female). Participants experienced 8 weekly sessions within their local community, followed by a 4-day/3-night residential outdoor adventure trip. In addition to their attendance records, the viewpoints of the participants and their support workers were obtained using diary rooms and focus groups. Feasibility was indicated via the themes of attendance, engagement, and reaction. The findings suggested that young people enjoyed and perceived a need for the program, that they considered the program and its evaluation methods to be acceptable, and that both the community-based and outdoor adventure residential phases could be implemented as planned. Minor modifications are needed to recruitment strategies before it is more widely rolled out and evaluated. © 2022 by the authors. Licensee MDPI, Basel, Switzerland.",2022,,Int. J. Environ. Res. Public Health,19,6,,,10.3390/ijerph19063320,,#1159,Cumming 2022,,
How Do Youth Use Homeless Shelters?,"Jadidzadeh, A.; Kneebone, R.","This paper uses a large administrative dataset providing 105,149 daily observations on 3,176 youth aged between 18 and 24 years using emergency homeless shelters from January 1, 2014, to December 31, 2019, in Calgary, Alberta, Canada. Using k-mean cluster analysis we classify youth who use emergency homeless shelters by their intensity of shelter use. In Calgary, most youth use homeless shelters as a temporary and infrequent refuge when housing is lost. For these youth, shelters are an effective and relatively inexpensive approach for helping them resolve their homelessness. A significant number, however, rely on shelters for much longer stays. For these youth, shelters are ineffective and expensive responses to their homelessness. To understand how youth are changing their use of shelters over time, we introduce time series measuring first admissions and readmissions to shelters. We show that how youth use shelters, and how that use has changed over time, differs for youth who self-identify as Indigenous, Caucasian and visible minority. © 2021 The Author(s). Published with license by Taylor & Francis Group, LLC.",2022,,J. Pover.,26,4,322-336,,10.1080/10875549.2021.1910106,,#1167,Jadidzadeh 2022,,
"Housing, opportunities, motivation and engagement (HOME) for homeless youth at-risk for opioid use disorder: study protocol for a randomized controlled trial","Slesnick, N.; Chavez, L.; Bunger, A.; Famelia, R.; Ford, J.; Feng, X.; Higgins, S.; Holowacz, E.; Jaderlund, S.; Luthy, E.; Mallory, A.; Martin, J.; Walsh, L.; Yilmazer, T.; Kelleher, K.","Background: Homeless youth experience high rates of substance use disorders, exposures to violence, mental and physical health conditions, and mortality. They have been particularly affected by the opioid crisis. However, no study to date has used a randomized controlled design to test preventive interventions of opioid and other drug use among this vulnerable population. Resolution of youth homelessness through housing and supportive services including prevention services, often referred to as “Housing First,” has great potential to reduce the likelihood for the development of an opioid use disorder as well as other problem behaviors associated with living on the streets. Housing First has been tested through randomized trials among homeless adults with mental health and substance use disorders, but has not been empirically tested for opioid prevention among homeless youth. Methods: Homeless youth will be recruited from a drop-in shelter site frequented by disconnected youth; they will be screened for eligibility, including current homelessness, age 18–24 years, and not currently meeting criteria for opioid use disorder (OUD). In a controlled trial, 240 youth will then be randomized to one of two conditions, (1) housing + opioid and related risk prevention services, or (2) opioid and related risk prevention services alone. This project utilizes existing efficacious models of prevention to address opioid-related risks, including motivational interviewing, strengths-based outreach and advocacy, and an HIV risk preventive intervention. Follow-up will be conducted at 3, 6, 9 and 12-months post-baseline. The economic cost of each intervention will be determined to support implementation decisions with other providers and their funders. Discussion: This study will provide essential information for researchers and providers on the efficacy of housing + opioid and related risk prevention services in an RCT for effects on opioid use and mechanisms underlying change. Because youth experiencing homelessness are at increased risk for a variety of adverse outcomes, the proposed intervention may produce substantial health care benefits to the youths and society at large. Trial registration ClinicalTrials.gov, NCT04135703, Registered October 13, 2019, https://clinicaltrials.gov/ct2/show/NCT04135703?term=NCT04135703&draw=2&rank=1#contacts © 2021, The Author(s).",2021,,Addict. Sci. Clin. Pract.,16,1,,,10.1186/s13722-021-00237-7,,#1168,Slesnick 2021,,
Housing First Combined with Suicide Treatment Education and Prevention (HOME + STEP): study protocol for a randomized controlled trial,"Chavez, L.; Kelleher, K.; Bunger, A.; Brackenoff, B.; Famelia, R.; Ford, J.; Feng, X.; Mallory, A.; Martin, J.; Sheftall, A.; Walsh, L.; Yilmazer, T.; Slesnick, N.","Background: Youth experiencing homelessness are at high risk for suicide, yet few studies have evaluated risk reduction interventions targeting suicidal ideation in this vulnerable population. A comprehensive approach to risk-reduction is needed that addresses basic needs and provides targeted interventions for those at highest risk. The protocol described builds on the design of the first randomized trial of Housing First (HF) for homeless youth. The primary objective is to determine whether housing combined with supportive services that include suicide screening and targeted psychotherapy (Cognitive Therapy for Suicide Prevention) is effective for reducing suicidal ideation and other secondary outcomes (depression and suicide attempts). Additionally, we will explore mediators of the treatment effect (housing stability and substance use) and determinants of implementation. Methods: Youth recruited to the HF trial will be randomized to HF + supportive services (n = 120), or supportive services alone (n = 120). The “Suicide Treatment Education and Prevention” (STEP) protocol will additionally screen youth in both arms at baseline and 3 months for suicidal ideation (SSI-W). Those who screen as moderate risk for suicide (SSI-W ≥ 10) will be offered CTSP, which includes up to 9 sessions over the first 6 months following enrollment. CTSP will be delivered in one-on-one sessions by a trained advocate. Research assessments will be collected to assess outcomes (including suicidal ideation) at baseline, 3, 6, 9 and 12 months. Qualitative interviews with subjects receiving CTSP and other stakeholders will explore implementation determinants. Discussion: The study will fill an important gap in the literature about the added benefit of HF combined with supportive services including suicide screening and treatment for reducing suicidal ideation in homeless youth. With the urgent need to address both homelessness and suicide risk, evidence is needed about services that can be integrated into delivery settings for youth experiencing homelessness. Trial registration: NCT04135703. Date of registration: October 23, 2019. © 2021, The Author(s).",2021,,BMC Public Health,21,1,,,10.1186/s12889-021-11133-9,,#1178,Chavez 2021,,
Correlates of Housing Sustainability Among Youth Placed Into Permanent Supportive Housing and Rapid Re-Housing: A Survival Analysis,"Hsu, H.-T.; Hill, C.; Holguin, M.; Petry, L.; McElfresh, D.; Vayanos, P.; Morton, M.; Rice, E.","Purpose: Youth experiencing homelessness (YEH) are vulnerable to multiple adverse health outcomes. Connecting YEH with housing is critical to addressing youth homelessness and to preventing long-term negative health consequences among this vulnerable population. Using administrative data, this study aims to explore correlates of YEH's sustainability in two major housing programs: permanent supportive housing (PSH) and rapid re-housing (RRH) programs. Methods: This study used Homelessness Management Information System administrative data collected from 16 communities across the U.S. between January 1, 2015 and May 1, 2017 (n = 10,902). We conducted Cox proportional hazards survival analyses to explore correlates (e.g., demographics, homeless experiences, and overall vulnerability) of YEH's PSH (n = 577) and RRH (n = 2,883) sustainability separately. Results: For YEH receiving PSH, only individuals' level of vulnerability is associated with greater hazard of exiting PSH. As for RRH sustainability, YEH who were 17 years old or younger, black or Latinx (as compared to white), of higher level of vulnerability, or previously spent most nights couch surfing or in transitional living programs (as compared to on the street) are associated with higher hazard of exiting RRH. Conclusions: Both PSH and RRH programs should incorporate comprehensive services targeting youth experiencing high vulnerability to prevent them from re-entering homelessness. Future RRH programming should also address housing sustainability disparities faced by racial and ethnic minority YEH, especially when they are disproportionately influenced by homelessness. Finally, RRH programs should incorporate services to foster independent living among younger YEH to sustain their housing status once temporary housing subsidies expire. © 2021 Society for Adolescent Health and Medicine",2021,,J. Adolesc. Health,69,4,629-635,,10.1016/j.jadohealth.2021.03.022,,#1222,Hsu 2021,,
Social network correlates of education and employment service use among youth experiencing homelessness: A longitudinal study,"DiGuiseppi, G.; Clomax, A.; Rampton Dodge, J.; Rice, E.","Background: Youth experiencing homelessness (YEH) face significant obstacles to educational achievement and gainful employment. Drop-in centers offer support services to facilitate these opportunities, but there remains a need to understand which youth are most likely to use them. The present study used a diffusion of innovations framework to examine social network correlates of service use over a three-month period. Positive staff relationships, personal network exposure, and structural network measures were examined. Methods: Participants were 253 YEH (Mage = 21.9, SD = 2.2) participating in an HIV-prevention trial at three drop-in centers in Los Angeles. Surveys were completed at baseline (wave 1), 1-month (wave 2) and 3-months (wave 3) post-baseline. Individual characteristics and sociometric network ties to other youth were assessed. Cross-sectional and lagged logistic regression models were used to identify significant network correlates of service use. Results: A significant minority of YEH used education (23.6%) or employment (33.7%) services at wave 1, with modest increases at waves 2 and 3. Indegree centrality was associated with education service use at wave 1 (OR = 1.30, 95% CI[1.04, 1.64]). Positive staff relationships were associated with employment service use at wave 1 (OR = 2.05, 95% CI[1.06, 2.99]), and outdegree was associated with employment service use at wave 3 (OR = 1.69, 95% CI[1.13, 2.55]). In addition, education level, housing situation, LGBTQ+ identity, drop-in center location, and duration of drop-in center use were related to service usage. Conclusions: Youth who occupy more central network positions and/or report positive relationships with staff are more likely to use higher-level drop-in services. Network approaches to engaging youth in services should be considered along with other individual and contextual factors. © 2021 Elsevier Ltd",2021,,Child. Youth Serv. Rev.,129,,,,10.1016/j.childyouth.2021.106212,,#1245,DiGuiseppi 2021,,
Improving outcomes in young people experiencing homelessness with My Strengths Training for Life™ (MST4Life™): A qualitative realist evaluation,"Parry, B.J.; Quinton, M.L.; Holland, M.J.G.; Thompson, J.L.; Cumming, J.","Young people experiencing homelessness often have multiple and complex support needs, and subsequently face various health inequalities. In the United Kingdom, housing services recognise the need for more effective intervention strategies. In response to this issue, My Strengths Training for Life™ (MST4Life™) is a community- and outdoors-based, positive youth development programme that aims to promote meaningful change for young people experiencing homelessness (aged 16–24). Capturing the experiences of programme participants, housing service staff and outdoor instructors, a realist evaluation was conducted to understand how, why, and for whom the programme is effective. Findings indicate that MST4Life™ is an effective intervention for fostering psychosocial development, intentional self-regulation, and longer-term positive behavioural change. Central to the success of the programme is a consistent theory-informed approach, a strengths-based life skills programme, and an appropriate transfer setting. The societal, theoretical and programme specific implications of these findings are discussed. © 2020 Elsevier Ltd",2021,,Child. Youth Serv. Rev.,121,,,,10.1016/j.childyouth.2020.105793,,#1250,Parry 2021,,
Tackling exclusion: A pilot mixed method quasi-experimental identity capital intervention for young people exiting homelessness,"Thulien, N.S.; Wang, A.; Mathewson, C.; Wang, R.; Hwang, S.W.","Background Longitudinal studies examining the life trajectories of young people after they have exited homelessness have identified concerns with persistent social and economic exclusion, struggles to shake off identities of homelessness, and housing instability. This pilot study sought to explore the feasibility of improving socioeconomic inclusion outcomes by bolstering identity capital (sense of purpose and control, self-efficacy and self-esteem) among young people who had experienced homelessness. Methods Nineteen individuals (aged 18-26) who had transitioned out of homelessness within the past three years participated in a six-week, six-session program focused on building identity capital. The study employed a mixed method prospective cohort hybrid design with an intervention group (Group One) and a delayed intervention comparison group (Group Two). Participants were interviewed every three months until nine months post-intervention. Results None of the youth who began the intervention dropped out of the program, with the exception of one participant who moved across the country and was unable to continue. Immediately after participating in the intervention, Group One had statistically significant improvements (p < .05) and large to very large effect sizes in self-esteem (d = 1.16) and physical community integration (d = 1.79) compared to changes in Group Two over the same period, which had not yet begun the intervention. In the pooled analysis, small to moderate effect sizes in hopelessness, physical community integration, and self-esteem were observed at all post-intervention time points. Notably, at six- and nine-months postintervention, statistically significant improvements (p < .05) and moderate effect sizes in hopelessness (d = -0.73 and d = -0.60 respectively) and self-esteem (d = 0.71 and d = 0.53 respectively) were observed. Youth shared they appreciated the normalizing (vs. pathologizing) of strategies they needed to learn and spoke of the importance of framing new skills as something one needs ""to have a better life""vs. ""to get better.""Conclusions These early findings signal that targeting identity capital is feasible and may be a promising approach to incorporate into a more complex intervention that includes housing, education, and employment supports to help youth transition out of homelessness. Future research could build on these findings through a sufficiently powered randomized controlled trial.  © 2021 Thulien et al. This is an open access article distributed under the terms of the Creative Commons Attribution License, which permits unrestricted use, distribution, and reproduction in any medium, provided the original author and source are credited.",2021,,PLoS ONE,16,8-Aug,,,10.1371/journal.pone.0256288,,#1278,Thulien 2021,,
Text messaging intervention for young smokers experiencing homelessness: Lessons learned from a randomized controlled trial,"Linnemayr, S.; Zutshi, R.; Shadel, W.; Pedersen, E.; DeYoreo, M.; Tucker, J.","Background: Smoking rates are significantly higher among young people experiencing homelessness than in the general population. Despite a willingness to quit, homeless youth have little success in doing so on their own, and existing cessation resources tailored to this population are lacking. Homeless youth generally enjoy the camaraderie and peer support that group-based programs offer, but continuous in-person support during a quit attempt can be prohibitively expensive. Objective: This study aimed to assess the feasibility and acceptability of an automated text messaging intervention (TMI) as an adjunct to group-based cessation counseling and provision of nicotine patches to help homeless youth quit smoking. This paper outlines the lessons learned from the implementation of the TMI intervention. Methods: Homeless youth smokers aged 18 to 25 years who were interested in quitting (n=77) were recruited from drop-in centers serving homeless youth in the Los Angeles area. In this pilot randomized controlled trial, all participants received a group-based cessation counseling session and nicotine patches, with 52% (40/77) randomly assigned to receive 6 weeks of text messages to provide additional support for their quit attempt. Participants received text messages on their own phone rather than receiving a study-issued phone for the TMI. We analyzed baseline and follow-up survey data as well as back-end data from the messaging platform to gauge the acceptability and feasibility of the TMI among the 40 participants who received it. Results: Participants had widespread (smart)phone ownership-16.4% (36/219) were ineligible for study participation because they did not have a phone that could receive text messages. Participants experienced interruptions in their phone use (eg, 44% [16/36] changed phone numbers during the follow-up period) but reported being able to receive the majority of messages. These survey results were corroborated by back-end data (from the program used to administer the TMI) showing a message delivery rate of about 95%. Participant feedback points to the importance of carefully crafting text messages, which led to high (typically above 70%) approval of most text messaging components of the intervention. Qualitative feedback indicated that participants enjoyed the group counseling session that preceded the TMI and suggested including more such group elements into the intervention. Conclusions: The TMI was well accepted and feasible to support smoking cessation among homeless youth. Given high rates of smartphone ownership, the next generation of phone-based smoking cessation interventions for this population should consider using approaches beyond text messages and focus on finding ways to develop effective approaches to include group interaction using remote implementation. Given overall resource constraints and in particular the exigencies of the currently ongoing COVID-19 epidemic, phone-based interventions are a promising approach to support homeless youth, a population urgently in need of effective smoking cessation interventions. © 2021 JMIR Publications. All rights reserved.",2021,,JMIR mHealth uHealth,9,4,,,10.2196/23989,,#1290,Linnemayr 2021,,
"Lifted: A thematic analysis of homeless adolescents’ reflections on their lives since beginning a multifaceted, community-based intervention","Raffaele Mendez, L.M.; Randle, C.A.","The purpose of this study was to gather in-depth information from unaccompanied homeless youth (UHY) regarding how they perceived that a wraparound intervention in which they had been involved for at least one year had impacted their lives. Towards this end, we conducted individual face-to-face interviews with nine unaccompanied homeless youth (UHY) who were receiving services from Starting Right, Now (SRN), a unique, multifaceted, grassroots initiative located in the southeastern U.S. that provides multiple services to UHY who have remained in high school. These services include housing, one-to-one mentoring, tutoring, assistance with applying to college, and specialized trainings to support academic and personal development. In each interview, participants described how their lives had changed since they entered SRN and what they had learned from the program. Using thematic analysis across participants, we identified eight themes that we saw as fitting within three broad categories: (1) constructing new models of relationships, (2) learning adaptive strategies for living, and (3) increasing hope, direction, and purpose. These three themes coalesced into an overall essence that we termed “lifted.” We chose this term because the totality of participants’ experiences suggested that SRN had lifted participants out of the poverty and trauma of their childhoods and, through a comprehensive approach with personalized supports, helped them get to a place where they could focus on higher-level needs like individual growth and educational attainment. Implications for providing services to UHY are described, and avenues for continuing research to support this population are highlighted. © 2020 Elsevier Ltd",2021,,Child. Youth Serv. Rev.,121,,,,10.1016/j.childyouth.2020.105891,,#1303,RaffaeleMendez 2021,,
Efficacy of a just-in-time adaptive intervention to promote HIV risk reduction behaviors among young adults experiencing homelessness: Pilot randomized controlled trial,"Maria, D.S.; Padhye, N.; Businelle, M.; Yang, Y.; Jones, J.; Sims, A.; Lightfoot, M.","Background: People experiencing homelessness have higher rates of HIV than those who are stably housed. Mental health needs, substance use problems, and issues unique to homelessness such as lack of shelter and transiency need to be considered with regard to HIV prevention. To date, HIV prevention interventions for young adults experiencing homelessness have not specifically addressed modifiable real-time factors such as stress, sexual or drug use urge, or substance use, or been delivered at the time of heightened risk. Real-time, personalized HIV prevention messages may reduce HIV risk behaviors. Objective: This pilot study tested the initial efficacy of an innovative, smartphone-based, just-in-time adaptive intervention that assessed predictors of HIV risk behaviors in real time and automatically provided behavioral feedback and goal attainment information. Methods: A randomized attention control design was used among young adults experiencing homelessness, aged 18-25 years, recruited from shelters and drop-in centers in May 2019. Participants were randomized to either a control or an intervention group. The intervention (called MY-RID [Motivating Youth to Reduce Infection and Disconnection]) consisted of brief messages delivered via smartphone over 6 weeks in response to preidentified predictors that were assessed using ecological momentary assessments. Bayesian hierarchical regression models were used to assess intervention effects on sexual activity, drug use, alcohol use, and their corresponding urges. Results: Participants (N=97) were predominantly youth (mean age 21.2, SD 2.1 years) who identified as heterosexual (n=51, 52%), male (n=56, 57%), and African American (n=56, 57%). Reports of sexual activity, drug use, alcohol use, stress, and all urges (ie, sexual, drug, alcohol) reduced over time in both groups. Daily drug use reduced by a factor of 13.8 times over 6 weeks in the intervention group relative to the control group (Multimedia Appendix 4). Lower urges for sex were found in the intervention group relative to the control group over the duration of the study. Finally, there was a statistically significant reduction in reports of feeling stressed the day before between the intervention and control conditions (P=.03). Conclusions: Findings indicate promising intervention effects on drug use, stress, and urges for sex in a hard-to-reach, high-risk population. The MY-RID intervention should be further tested in a larger randomized controlled trial to further investigate its efficacy and impact on sexual risk behaviors. Trial Registration: ClinicalTrials.gov NCT03911024; https://clinicaltrials.gov/ct2/show/NCT03911024. © 2021 Journal of Medical Internet Research. All rights reserved.",2021,,J. Med. Internet Res.,23,7,,,10.2196/26704,,#1311,Maria 2021,,
"Perceived impacts, acceptability, and recommendations for ecological momentary assessment among youth experiencing homelessness: Qualitative study","Acorda, D.; Businelle, M.; Maria, D.S.","Background: The use of ecological momentary assessment (EMA) to study youth experiencing homelessness (YEH) behaviors is an emerging area of research. Despite high rates of participation and potential clinical utility, few studies have investigated the acceptability and recommendations for EMA from the YEH perspective. Objective: This study aimed to describe the perceived benefits, usability, acceptability, and barriers to the use of EMA from the homeless youth perspective. Methods: YEH were recruited from a larger EMA study. Semistructured exit interviews were performed using an interview guide that focused on the YEH experience with the EMA app, and included perceived barriers and recommendations for future studies. Data analyses used an inductive approach with thematic analysis to identify major themes and subthemes. Results: A total of 18 YEH aged 19-24 years participated in individual and group exit interviews. The EMA was highly acceptable to YEH and they found the app and EMA surveys easy to navigate. Perceived benefits included increased behavioral and emotional awareness with some YEH reporting a decrease in their high-risk behaviors as a result of participation. Another significant perceived benefit was the ability to use the phones for social support and make connections to family, friends, and potential employers. Barriers were primarily survey and technology related. Survey-related barriers included the redundancy of questions, the lack of customizable responses, and the timing of survey prompts. Technology-related barriers included the ""freezing""of the app, battery charge, and connectivity issues. Recommendations for future studies included the need to provide real-time mental health support for symptomatic youth, to create individually customized questions, and to test the use of personalized motivational messages that respond to the EMA data in real time. Conclusions: YEH are highly receptive to the use of EMA in studies. Further studies are warranted to understand the impact of EMA on YEH behaviors. Incorporating the YEH perspective into the design and implementation of EMA studies may help minimize barriers, increase acceptability, and improve participation rates in this hard-to-reach, disconnected population.  © 2021 Darlene Acorda, Michael Businelle, Diane Santa Maria.",2021,,JMIR Form.  Res.,5,4,,,10.2196/21638,,#1317,Acorda 2021,,
An evaluation of My Strengths Training for Life™ for improving resilience and well-being of young people experiencing homelessness,"Quinton, M.L.; Clarke, F.J.; Parry, B.J.; Cumming, J.","This community-based study investigated whether (1) a novel sport psychology informed positive youth development program, My Strengths Training for Life™, improved resilience and well-being and (2) young people differed in outcomes according to demographics (gender, ethnicity, social inclusion, and learning difficulty). A total of 246 young people (M age = 19.74, SD = 2.31) living in a large housing service completed questionnaires on demographics, mental skills, and pre and postprogram resilience and well-being. Baseline differences in resilience and well-being existed for ethnicity and learning difficulty status but did not influence MST4Life™ outcomes. There was a significant improvement in resilience and well-being over time, which was associated with mental skills development. Implications apply for policy, program commissioners, and research: (1) novel sport psychology interventions can improve the well-being of disadvantaged youth, and (2) demographics at baseline should be considered in intervention planning and evaluation with this population. © 2021 The Authors. Journal of Community Psychology published by Wiley Periodicals LLC",2021,,J. Community Psychol.,49,5,1296-1314,,10.1002/jcop.22517,,#1352,Quinton 2021,,
Shining a light on the experiences of staff working with young homeless people: A grounded theory study,"Peters, L.; Samuel, V.M.; Hobson, C.W.","Young people experiencing homelessness represent one of the most vulnerable groups in society. Research which has considered staff experience, has highlighted the importance of the interaction between the workers and the homeless young people. Very few studies have considered the emotional impact of the support worker role in young people's homeless services. The aim of this study was to investigate the psychological and practical coping skills staff employ to negotiate the demands of their roles, with a focus on how staff work to develop supportive relationships with young homeless people with complex trauma histories. Eleven staff (5 male, 6 female) participated in this research. All the participants were Support Workers employed by the same organisation, supporting youth experiencing homelessness across two urban areas of Wales. Participants engaged in semi-structured interviews exploring their experiences. Data was analysed adopting a Grounded Theory approach. Seven main concepts were identified in the analysis: the need to be “a certain kind of person”; the rewards and challenges of the role; the impact of the organisational context and culture; individual approaches to coping; possible adverse impacts of the role; enjoyment of the role; and personal growth. The interaction between these concepts was considered and conveyed via a proposed model. A theory of balance was developed within which a pivotal process was the fluctuation between feeling supported by the organisation and coping well and feeling unsupported and struggling to cope. It is hoped that the findings from this research will directly inform clinical practice regarding psychologically based interventions for staff in settings for young people experiencing homelessness and be a valuable contribution to the scarce research literature on services for young homeless people. © 2020 Elsevier Ltd",2021,,Child. Youth Serv. Rev.,121,,,,10.1016/j.childyouth.2020.105843,,#1359,Peters 2021,,
Social Problem-Solving and Suicidal Ideation Among Homeless Youth Receiving a Cognitive Therapy Intervention: A Moderated Mediation Analysis,"Zhang, J.; Wu, Q.; Slesnick, N.","Despite the high prevalence of suicidal ideation and attempts among homeless youth, little research has examined how suicide prevention interventions influence suicide-related risk and protective factors, and ultimately produce positive outcome in suicidality in this population. Drawing on the Diathesis-Stress Model and the Interpersonal Theory of Suicide, the current study examined whether participation in Cognitive Therapy for Suicide Prevention (CTSP) moderated the mediation link between social problem-solving, perceived burdensomeness and thwarted belongingness, and suicidal ideation among a sample of homeless youth experiencing suicidal ideation. Social problem-solving refers to a set of cognitive, emotional, and behavioral coping responses in the face of stressful situations, and it is identified as a potent protective factor in alleviating perceived burdensomeness and thwarted belongingness, and reducing suicidal ideation. Participants included 150 homeless youth (M age = 20.99, range = 18-24; 41% female) who were randomly assigned to Cognitive Therapy for Suicide Prevention (CTSP) + Treatment as Usual (TAU) (n = 75) or Treatment as Usual alone (n = 75). Participants were assessed at baseline, 3, 6, and 9 months post-baseline. Findings showed that perceived burdensomeness mediated the association of social problem-solving with suicidal ideation only among youth participating in the CTSP condition. These findings provide evidence to support the promising effects of CTSP in enhancing the protective effects of social problem-solving on suicidal ideation through the mediating effects of perceived burdensomeness. Findings also have implications for improving intervention effectiveness with a community-based population at high risk of suicide. © 2020",2021,,Behav. Ther.,52,3,552-563,,10.1016/j.beth.2020.07.005,,#1366,Zhang 2021,,
Predictors of Treatment Engagement Among Suicidal Youth Experiencing Homelessness,"Walsh, L.; Luthy, E.; Feng, X.; Yilmazer, T.; Ford, J.; Kelleher, K.; Chavez, L.; Slesnick, N.","Homeless youth experience high rates of suicidal ideation and attempts, yet limited research has examined predictors of treatment engagement among this population. Suicidal homeless youth (N = 150) between the ages of 18 and 24 years were recruited from a drop-in center in Columbus, Ohio. Participants were randomly assigned to Cognitive Therapy for Suicide Prevention + treatment as usual through a local drop-in center (CTSP + TAU) (N = 75) or TAU alone (N = 75), and treatment attendance among those assigned to CTSP + TAU was examined in this study. As expected, among youth engaged in CTSP + TAU, those with a history of intimate partner violence (IPV) showed decreased odds of treatment attendance. Additionally, youth randomized into CTSP + TAU with higher acquired capability for suicide (ACS) scores and those identifying as Black were more likely to attend treatment sessions. Findings suggest that effective treatment implementation must consider youth’s trauma history, demographics and severity of suicidal ideation and behaviors. © 2021, The Author(s), under exclusive licence to Springer Science+Business Media, LLC, part of Springer Nature.",2021,,Community Ment. Health J.,57,7,1310-1317,,10.1007/s10597-021-00850-5,,#1379,Walsh 2021,,
A nurse case management HIV prevention intervention (Come As You Are) for youth experiencing homelessness: Protocol for a randomized wait-list controlled trial,"Maria, D.S.; Lightfoot, M.; Nyamathi, A.; Businelle, M.; Paul, M.; Quadri, Y.; Padhye, N.; Jones, J.; Armijo, M.C.","Background: Youth experiencing homelessness are more likely than housed youth to experience premature death, suicide, drug overdose, pregnancy, substance use, and mental illness. Yet while youth experiencing homelessness are 6 to 12 times more likely to become infected with HIV than housed youth, with HIV prevalence as high as 16%, many do not access the prevention services they need. Despite adversities, youth experiencing homelessness are interested in health promotion programs, can be recruited and retained in interventions and research studies, and demonstrate improved outcomes when programs are tailored and relevant to them. Objective: The study aims to compare the efficacy of a nurse case management HIV prevention and care intervention, titled Come As You Are, with that of usual care among youth experiencing homelessness aged 16 to 25 years. Methods: The study is designed as a 2-armed randomized wait-list controlled trial. Participants (n=450) will be recruited and followed up for 9 months after the intervention for a total study period of 12 months. Come As You Are combines nurse case management with a smartphone-based daily ecological momentary assessment to develop participant-driven HIV prevention behavioral goals that can be monitored in real-time. Youth in the city of Houston, Texas will be recruited from drop-in centers, shelters, street outreach programs, youth-serving organizations, and clinics. Results: Institutional review board approval (Committee for the Protection of Human Subjects, University of Texas Health Science Center at Houston) was obtained in November 2018. The first participant was enrolled in November 2019. Data collection is ongoing. To date, 123 participants have consented to participate in the study, 89 have been enrolled, and 15 have completed their final follow-up. Conclusions: There is a paucity of HIV prevention research regarding youth experiencing homelessness. Novel and scalable interventions that address the full continuum of behavioral and biomedical HIV prevention are needed. This study will determine whether a personalized and mobile HIV prevention approach can reduce HIV risk among a hard-to-reach, transient population of youth at high risk. © Diane Santa Maria, Marguerita Lightfoot, Adey Nyamathi, Michael Businelle, Mary Paul, Yasmeen Quadri, Nikhil Padhye, Jennifer Jones, Margarita Calvo Armijo. Originally published in JMIR Research Protocols (https://www.researchprotocols.org), 21.05.2021. This is an open-access article distributed under the terms of the Creative Commons Attribution License (https://creativecommons.org/licenses/by/4.0/), which permits unrestricted use, distribution, and reproduction in any medium, provided the original work, first published in JMIR Research Protocols, is properly cited. The complete bibliographic information, a link to the original publication on https://www.researchprotocols.org, as well as this copyright and license information must be included.",2021,,JMIR Res. Prot.,10,5,,,10.2196/26716,,#1402,Maria 2021,,
Pilot Randomized Clinical Trial of a Text Messaging-Based Intervention for Smoking Cessation Among Young People Experiencing Homelessness,"Tucker, J.S.; Linnemayr, S.; Pedersen, E.R.; Shadel, W.G.; Zutshi, R.; DeYoreo, M.; Cabreros, I.","Introduction: Smoking rates are alarmingly high among young people experiencing homelessness (YEH), yet there are no evidence-based cessation programs for this population. This paper presents results from a pilot evaluation of a text messaging-based smoking cessation treatment, as an adjunct to brief group cessation counseling, to improve abstinence rates among 18–25-year-old smokers experiencing homelessness.The goal of this study was to estimate effect sizes for a larger trial and it was not powered to detect group differences. Aims and Methods: YEH smokers who had a working cell phone with them at recruitment were randomized to receive a group counseling session, nicotine patches, and written material on quitting (n = 37) or a similar program that also included a 6-week automated text messaging intervention (TMI) to provide ongoing support for quitting (n = 40). Smoking outcomes were evaluated through a 90-day follow-up. Results: Seven-day point prevalence abstinence at 90-day follow-up was higher in theTMI condition than standard condition (17.50% vs. 8.11%, respectively; Cohen’s h = .37); however, the 90-day continuous abstinence rate was not statistically different from zero in either condition. Reductions in the number of days smoked in the past 30 days from baseline to follow-up were greater in the TMI condition than the standard condition (−14.24 vs. −8.62, respectively; Cohen’s d = .49). Conclusions: Adding a 6-week TMI support to a brief group counseling and pharmacotherapy protocol holds promise for smoking reduction and abstinence amongYEH smokers. Results indicate that further development and evaluation of theTMI in this population is warranted. Trial Registration: ClinicalTrials.gov Identifier NCT03874585. Registered March 14, 2019, https://clinicaltrials.gov/ct2/show/record/NCT03874585. Implications: This is the first study to evaluate the feasibility of using a text messaging-based intervention (TMI) for behavior change with 18–25 year olds experiencing homelessness, and more specifically, the first to test aTMI to provide ongoing support for smoking cessation. Small to medium effect sizes for theTMI are promising in terms of implementing aTMI using participants’ own cell phones, as well as the efficacy of this approach as an adjunct to standard care (brief group counseling and pharmacotherapy) for smoking cessation amongYEH. © The Author(s) 2021.",2021,,Nicotine Tob. Res.,23,10,1691-1698,,10.1093/ntr/ntab055,,#1429,Tucker 2021,,
Cultivating safe and stable spaces: Reflections on a campus-based support program for foster care alumni and youth experiencing homelessness,"Cheatham, L.P.; Luo, Y.; Hubbard, S.; Jackson, M.S.; Hassenbein, W.; Bertram, J.","Foster care alumni and youth experiencing homelessness face similar challenges within higher education, including housing instability, food insecurity, as well as low levels of social, emotional and financial support — all of which contribute to poor rates of persistence and graduation. Given the intersecting challenges and needs of foster care alumni and youth experiencing homelessness, many college campuses have established formal support programs to meet the needs of these student populations. This study explores the implementation and administration of Alabama REACH, a campus-based support program for foster care alumni and youth experiencing homelessness who attend the University of Alabama. Through analysis of narratives elicited through three focus groups with program volunteers and staff, this study presents insights into program strengths and challenges, including the importance of social support, challenges of stigma and shame in program recruitment and service provision, and the need to prioritize stability and sustainability throughout program planning efforts. © 2021 Elsevier Ltd",2021,,Child. Youth Serv. Rev.,130,,,,10.1016/j.childyouth.2021.106247,,#1442,Cheatham 2021,,
"Homeless, hopeless, and hungry in Central Virginia: a case study on a wrap-around intervention targeting youth homelessness","Smith Ramey, J.; Passetti, L.; Onafowokan, A.","Driven by the increasing number of homeless youth and young adults in Central Virginia and a lack of resources for this population, a Community Service Board (CSB) formed Cooperative Agreements to Benefit Homeless Individuals (CABHI), a multi-disciplinary program to address these problems, which included mental health and substance use, housing, and employment. The purpose of this article is to present a case study of the development and accomplishmentsand to relate the development and accomplishments of CABHI to the literature on youth and young adult homelessness, which may provide generalized lessons that other agencies may consider when addressing youth homelessness. © 2021 Taylor & Francis.",2021,,Soc. Work Ment. Health,19,3,203-219,,10.1080/15332985.2021.1894630,,#1448,SmithRamey 2021,,
How peer support specialists uniquely initiate and build connection with young people experiencing homelessness,"Erangey, J.; Marvin, C.; Littman, D.M.; Mollica, M.; Bender, K.; Lucas, T.; Milligan, T.","Young people experiencing homelessness are often apprehensive to engage in conventional service systems due to prior mistreatment by providers and others in their lives, as well as stigma associated with accessing services. Even when relationships between service providers and young people are initiated, they often end prematurely. Mutual aid, or peer-to-peer support, has a long and promising history within the mental health field, yet has received little empirical attention in work with young people experiencing homelessness. The present study used participatory qualitative methods to understand how peers uniquely initiate and build connection with young people experiencing homelessness. Through interviews and journaling with peer support specialists and program staff, this study found that peers initiate relationships with young people by becoming familiar faces in youth spaces, identifying themselves as peers, then formalizing relationships with young people. Peers build connection by showing they are on the “same side of the glass” as young people, establishing autonomy and availability over a preset agenda, and creating containers acceptable for failure. Peers, their supervisors, and organizations building mutual aid programs may consider these findings when working to build programs which flexibly and authentically engage young people experiencing homelessness in meaningful relationships. © 2020 Elsevier Ltd",2020,,Child. Youth Serv. Rev.,119,,,,10.1016/j.childyouth.2020.105668,,#1450,Erangey 2020,,
Development of a family-based mental health program for runaway adolescents using an intervention mapping protocol,"Noh, D.; Choi, S.","The mental health and related quality of life of runaway adolescents are global public health issues. As few intervention studies have considered the family contexts of runaway adolescents, we aimed to develop an intervention tailored specifically to the needs of this population using an Intervention Mapping protocol. First, a literature review and interviews with runaway adolescents and youth shelter workers were conducted to create a logic model of the problem. Second, the behavioral and environmental outcomes were set to adapt to stressful situations and enable families to become more resourceful in dealing with family adversity, based on the results of needs assessment. Performance objectives and changeable determinants were also created by reviewing the pertinent theories and studies. Third, theory- and evidence-based methods to influence changes in the determinants were identified. Fourth, we designed an eight-session family-based mental health program incorporating individual and family approaches for runaway adolescents. Fifth, we determined that mental health nurses at community mental health centers linked to youth shelters would serve as the program implementers. Finally, we planned a randomized controlled trial to evaluate the effects of our program on improving runaway adolescents’ mental health status and perceived family functioning. © 2020 by the authors.",2020,,Int. J. Environ. Res. Public Health,17,21,12-Jan,,10.3390/ijerph17217794,,#1453,Noh 2020,,
Comparing the Effectiveness of Three Substance Use Interventions for Youth With and Without Homelessness Experiences Prior to Treatment,"DiGuiseppi, G.T.; Tucker, J.S.; Prindle, J.J.; Henwood, B.F.; Huey, S.J.; Rice, E.R.; Davis, J.P.","Objective: Many adolescents and young adults receiving substance use treatment have experienced or are at risk for homelessness. It is unknown whether specific treatment approaches are more or less effective for youth experiencing homelessness (YEH) compared to stably housed youth. The present study compared the effectiveness of the Adolescent Community Reinforcement Approach, Motivational Enhancement Therapy combined with Cognitive–Behavioral Therapy (MET/CBT), and Treatment as Usual (TAU) for these two groups. Further subgroup differences were investigated by age, sex, and sexual and gender minority status. Method: YEH (n = 855) and a matched sample of stably housed youth (n = 855) were drawn from the Global Appraisal of Individual Needs, a nationwide substance use treatment data set. Multiple-group latent change score modeling was used to examine change in substance use frequency and related problems at baseline, 3-, 6-, and 12-month follow-ups. Results: Results indicated significant declines in substance use frequency and problems during treatment for all intervention groups. The TAU group showed the greatest declines in substance use problems during treatment and the greatest declines in frequency post-treatment. Compared to stably housed youth, YEH entered treatment with greater substance use and problems, and had greater declines in substance use in the MET/CBT group only. Other differences were found by age and sex. Conclusions: Overall, all three substance use interventions appear to be effective in reducing substance use and related problems. TAU and MET/CBT may be particularly effective for YEH in treatment settings. Implications for future research and practice are discussed. © 2021 American Psychological Association",2021,,J. Consult. Clin. Psychol.,89,12,995-1006,,10.1037/ccp0000704,,#1466,DiGuiseppi 2021,,
"“Having a Baby Can Wait”: Experiences of a Sexual and Reproductive Health Promotion Program in the Context of Homelessness among Asian American, Native Hawaiian, and Other Pacific Islander Youth Captured Through PhotoVoice","Aparicio, E.M.; Kachingwe, O.N.; Phillips, D.R.; Jasczynski, M.; Cabral, M.K.; Aden, F.; Parekh, E.; Espero, J.; Childers, C.","Nearly half of female youth experiencing homelessness (YEH) become pregnant due to myriad individual, family, community, and structural factors. In response, our team developed and tested Wahine (“woman”) Talk, a multilevel, trauma-informed sexual and reproductive health intervention created with and for female YEH aged 14 to 22. After Wahine Talk, youth were invited to participate in a participatory action PhotoVoice project regarding experiences of the program, waiting to start or expand their families, and homelessness. Photographs were taken and captioned by youth, and then further examined through Thematic Analysis. Final project themes include (a) Youth-Driven Birth Timing Decisions; (b) A Sense of Place: Finding Safe Spaces; and (c) Glimpsing Hope. Because YEH live under society’s radar, it is critical to understand their experiences from their own perspectives to improve interventions at multiple levels. Implications for meeting the needs of YEH in the areas of reproductive justice, financial stability, and affordable housing are discussed. © The Author(s) 2020.",2021,,Qual. Health Res.,31,2,228-240,,10.1177/1049732320964423,,#1493,Aparicio 2021,,
Human Papillomavirus Vaccination Initiation and Completion among Youth Experiencing Homelessness in Seven U.S. Cities,"Gallardo, K.R.; Santa Maria, D.; Narendorf, S.; Markham, C.M.; Swartz, M.D.; Hsu, H.-T.; Barman-Adhikari, A.; Bender, K.; Shelton, J.; Ferguson, K.","Little is known about human papillomavirus (HPV) vaccination uptake among youth experiencing homelessness (YEH), who may be at higher risk for HPV than their housed counterparts. We examined the prevalence and associations of HPV vaccination initiation and completion among YEH. Guided by the Behavioral Model for Vulnerable Populations, we analyzed cross-sectional data collected from YEH (N = 1074; ages 18–26) in seven U.S. cities to assess HPV vaccination prevalence and to identify predisposing, enabling, and need factors associated with HPV vaccination status. Due to timing differences in the release of HPV vaccine recommendations, we conducted separate logistic regression analyses for men (n = 673) and women (n = 401). Approximately 19% of men and 37% of women had initiated and completed HPV vaccination. Several factors among men (i.e., older age, Latinx ethnicity, San Jose or St. Louis residence compared with New York City, never having had sex, and not previously being tested for STIs) and women (i.e., lower education level, San Jose or Houston residence compared with New York City, and never having had sex) were associated with lower odds of HPV vaccination initiation, completion, or both. Gay men had higher odds of initiating and completing the vaccination series than their heterosexual counterparts. Our findings reveal that HPV vaccination uptake is low among YEH and that there are vaccination disparities among subgroups of YEH. HPV vaccination strategies and resources that are easy-to-understand, facilitate point-of-care services, and address societal and system-level vaccination barriers encountered by YEH are needed. © 2020, Society for Prevention Research.",2020,,Prev. Sci.,21,7,937-948,,10.1007/s11121-020-01131-5,,#1514,Gallardo 2020,,
Acceptability of a just-in-time adaptive intervention for hiv prevention among youth experiencing homelessness: A qualitative analysis,"Acorda, D.E.; Jones, J.T.; Maria, D.S.","Background. Few interventions leverage technology to mitigate HIV risks in youth experiencing homelessness (YEH). This study assesses the acceptability and impacts of an app-based just-in-time adaptive intervention for HIV prevention from the YEH perspective. Methods. Sixteen interviews were conducted with YEH in a large, urban Southwest city. Inductive thematic analysis was used to explore YEH experience with the app, including recommendations for improvement and perceived impact. Results. Youth experiencing homelessness reported high acceptance of the app. Several youths described changing risk behaviors after enrolling in the study. Youth found the app easy to navigate and the goal interface helpful in tracking progress. Challenges included stolen phones and survey timing. Youth experiencing homelessness strongly recommended customized messages and questions to avoid redundancy, and that real-time support for struggling youth be accessible through the app. Conclusion. A just-in-time adaptive intervention for HIV prevention is acceptable to YEH. Larger studies are needed to evaluate long-term impacts on HIV risk behavior. © Meharry Medical College.",2021,,J. Health Care Poor Underserved,32,2,25-42,,10.1353/hpu.2021.0049,,#1517,Acorda 2021,,
Substance Use and Treatment Among Youth Experiencing Homelessness: 1992–2017,"Green, B.; Lee Kim, F.; Dean, D.","Purpose: This study aimed to describe the patterns in substance use and treatment utilization from admissions to publicly funded treatment programs among youth (aged 12–24 years) experiencing homelessness between the years of 1992 and 2017. Methods: We used the concatenated Substance Abuse and Mental Health Services Administration Treatment Episode Data Set Admissions (total youth admissions, n = 5,153,775; and youth reported being homeless at the time of admission, n = 241,310). Prevalence estimates and binary logistic regression models were used to estimate the odds ratios to identify the differences among youth who reported being homeless or housed at the time of the treatment. Results: Homeless youth had higher odds than housed youth to self-refer for treatment; to enroll in treatment for cocaine/crack, heroin, or methamphetamine; and to receive treatment in 24-hour detoxication facilities or long-term residential facilities. Additional differences were identified among youth aged 12–17 years and youth aged 18–24 years and by sex within the homeless youth population. Conclusions: This analysis provides a picture of treatment utilization patterns by youth who are experiencing homelessness and substance use disorder, by exploring differences by housing status among admissions to publicly funded treatment facilities. © 2020 Society for Adolescent Health and Medicine",2020,,J. Adolesc. Health,67,6,786-792,,10.1016/j.jadohealth.2020.04.019,,#1523,Green 2020,,
Outcomes for Youth Living in Canada’s First LGBTQ2S Transitional Housing Program,"Abramovich, A.; Kimura, L.","This article offers descriptive and evaluative data for the first cohort of youth who lived in Canada’s first transitional housing program for LGBTQ2S youth, operated by the YMCA of Greater Toronto. The purpose of this mixed-methods study was to report on how youth experienced living in an LGBTQ2S population-based housing program in relation to mental health, self-esteem, community participation and family connectedness, and how access to culturally competent services impact experiences of homelessness. The outcomes of this study are important for service providers, program managers, and policymakers to review in order to better understand how LGBTQ2S youth experience population-based housing programs and whether or not they positively impact their transition to adulthood. Although this study took place in Toronto, Canada, it has broader relevance nationally and internationally, and can be used to build the evidence base to guide the improvement, development, and evaluation of future LGBTQ2S housing services for youth. © 2019 Taylor & Francis Group, LLC.",2021,,J. Homosex.,68,8,1242-1259,,10.1080/00918369.2019.1696102,,#1527,Abramovich 2021,,
Practices effective for assisting young people avoid or exit homelessness: Young service recipient's perspectives,"Keevers, L.; Rambaldini-Gooding, D.","In youth homelessness policy, outcomes-based performance management and evidence-based practice predominate. Despite policymakers articulating a need to improve the evidence base to inform service provision for young people vulnerable to homelessness, there are limited evidence-based studies investigating the effectiveness of different service models. Additionally, the voices of homeless young people are often absent or unheard in policy discussions and program development. Underpinned by a practice-based approach and gathering both quantitative and qualitative data, this study investigates the perspectives and experiences of young people involved with an Australian social justice organisation and identifies the practices that they perceive as having the most significant positive impacts on their lives. The views of young people challenge government policy settings which this study suggests do not give sufficient weight to key indicators such as a sense of belonging, control over one's life and hope for the future or to relationships embedded in long-term, holistic, integrated care. In order to improve policy and practice, it's critical that the voices and knowledge of young people with lived experience are heard by decision and policymakers. © 2020 Elsevier Ltd",2020,,Child. Youth Serv. Rev.,119,,,,10.1016/j.childyouth.2020.105492,,#1536,Keevers 2020,,
Promoting Personal Growth in Young People Experiencing Homelessness through an Outdoors-Based Program,"Parry, B.J.; Thompson, J.L.; Holland, M.J.G.; Cumming, J.","Outdoors-based youth development programs demonstrate the efficacy to improve indicators of personal growth and mental health in a range of disadvantaged young people. However, the most marginalized young people in society, who stand to benefit the most from such initiatives, remain underrepresented in the research. My Strengths Training for Life (MST4Life) is a positive youth development (PYD) intervention for young people experiencing homelessness that incorporates a life skills program and an outdoor adventure education (OAE) course. The current study presents a qualitative investigation of the OAE course to understand its role in promoting positive changes for participants. Reflexive thematic analysis led to the development of inductively driven themes which were conceptualized based on relevant theories (e.g., relational developmental systems) and models (e.g., 5 Cs of PYD). Findings highlight the benefits of a preceding life skills program to psychologically prepare participants to thrive in the unfamiliar setting of the outdoors and related challenges. During the course, adaptive developmental regulations supported participants' basic psychological needs and fostered personal growth. Improvements in social competence was a common theme across participants and played a pivotal role in facilitating balanced development across the 5 Cs. In addition, experiences during the course promoted indicators of mental health and intentions to make positive lifestyle changes. Implications of these findings are discussed in relation to making outdoors-based youth development courses more accessible for marginalized young people, as well as how OAE and PYD programs can add value to the youth homeless sector. © 2021 University Library System, University of Pittsburgh. All rights reserved.",2021,,J. Youth Dev.,16,5,157-192,,10.5195/jyd.2021.1061,,#1539,Parry 2021,,
Virtual reality meditation among youth experiencing homelessness: Pilot randomized controlled trial of feasibility,"Chavez, L.J.; Kelleher, K.; Slesnick, N.; Holowacz, E.; Luthy, E.; Moore, L.; Ford, J.","Background: Homelessness among youth is devastating, with high rates of substance use disorders and mental health comorbidity. Mindfulness-based interventions that include meditation and mindfulness skills training reduce stress and symptoms of anxiety or depression. However, engaging high-risk youth in interventions is challenging. Virtual reality is a more flexible platform for delivering meditation and may be appealing to youth. Objective: The study objectives were to evaluate the feasibility of delivering virtual reality meditation and of collecting outcome measures, including anxiety and physiologic stress. Methods: A sample of 30 youth experiencing homelessness was enrolled in the study. Youth were randomized to receive 10 minutes of one of three interventions: (1) virtual reality meditation, (2) audio meditation (through a web-based platform), or (3) virtual reality imagery of historical pictures and text. Subjects who consented to the study attended two research visits. The first visit collected survey measures of demographics, mental health, and substance use, and oriented subjects to the intervention platforms. The second visit (1-3 days later) delivered the intervention and collected pre and post outcome measures of anxiety and physiologic stress (salivary cortisol). Changes in anxiety and cortisol at the second visit were compared across groups using a linear regression model in which the primary analysis compared virtual reality meditation to audio meditation and secondary analyses compared virtual reality meditation to virtual reality imagery. Results: Anxiety scores decreased in all groups, with a larger reduction among the virtual reality meditation group (difference=10.8) compared to the web-based meditation or virtual reality images groups (difference=5.8 and 5.0, respectively). After controlling for baseline values, there were no significant group differences in changes in anxiety scores or cortisol levels. In comparing virtual reality meditation and audio meditation, the effect size for anxiety was moderate (Cohen d=0.58) while the effect size for cortisol was small (Cohen d=0.08). Conclusions: Preliminary results suggest that virtual reality meditation has a moderate benefit for anxiety but not physiologic stress. Future research is needed to confirm these results in a larger sample and to investigate whether the effects are sustained or increase with repeated use of virtual reality mediation. Virtual reality meditation appears feasible to deliver among homeless youth and merits further study. © Laura Johnson Chavez, Kelly Kelleher, Natasha Slesnick, Eugene Holowacz, Ellison Luthy, Laura Moore, Jodi Ford. Originally published in JMIR Mental Health (http://mental.jmir.org), 24.09.2020. This is an open-access article distributed under the terms of the Creative Commons Attribution License (https://creativecommons.org/licenses/by/4.0/), which permits unrestricted use, distribution, and reproduction in any medium, provided the original work, first published in JMIR Mental Health, is properly cited. The complete bibliographic information, a link to the original publication on http://mental.jmir.org/, as well as this copyright and license information must be included.",2020,,JMIR Ment. Heal.,7,9,,,10.2196/18244,,#1542,Chavez 2020,,
Adaption and implementation of the Housing Outreach Program Collaborative (HOP-C) North for Indigenous youth.,"Toombs, E.; Mushquash, C.J.; Lund, J.; Pitura, V.A.; Toneguzzi, K.; Leon, S.; Bobinski, T.; Vitopoulos, N.; Frederick, T.; Kidd, S.","There is a high prevalence of Indigenous youth experiencing either precarious housing or homelessness in northwestern Ontario. Given that Indigenous pathways to homelessness can differ from non-Indigenous youth, interventions that address homelessness must also adapt to meet diverse needs. The Housing Outreach Program Collaborative (HOP-C) is a tertiary prevention intervention designed to provide congruent housing and peer and mental health supports for youth experiencing homelessness in Toronto, Ontario. Less is known regarding its adaptability to adequately serve Indigenous youth in northwestern Ontario. This study assessed the preliminary effectiveness and feasibility of an adaptation of the HOP-C North program for transitional aged Indigenous youth exiting homelessness in Thunder Bay, Ontario. Participants completed premeasures (n = 15) and postmeasures (n = 8) as well as qualitative interviews regarding their experiences in the program. Qualitative interviews were also conducted with staff (n = 14) engaged in implementing the program. After completing the HOP-C North program, participants reported improvements in a number of outcomes, including increased educational enrollment, attainment of employment, reduced hospitalizations, and increased engagement in clinical mental health services. Specific program aspects that participants found helpful included increased program flexibility, accessibility, emphasis on relationships, relevance of programming, fostering participant autonomy, and an adaptive approach to program implementation. These findings suggest that the HOP-C North model, when adapted, is a helpful program for Indigenous youth. (PsycInfo Database Record (c) 2021 APA, all rights reserved) Public Policy Relevance Statement: Maintaining housing stability for previously homeless Indigenous youth can be challenging as this population tends to have complex needs related to health, finances, and overall well-being. To help reduce these barriers related to this transition to housing and promote health, the Housing Outreach Program Collaborative North (HOP-C North) provided youth with culturally relevant supports, including individual and group counseling services, peer mentorship, case management, and cultural mentorship. HOP-C North was a cost-effective way to promote integrated health care for a population that may not otherwise access these supports. Future primary care housing program models may benefit from the approach used in HOP-C North. (PsycInfo Database Record (c) 2021 APA, all rights reserved) © 2020 Global Alliance for Behavioral Health and Social Justice",2021,,Am. J. Orthopsychiatry,91,1,96-108,,10.1037/ort0000520,,#1544,Toombs 2021,,
Reconnecting Homeless Adolescents and Their Families: Correlates of Participation in a Family Intervention,"Milburn, N.G.; Klomhaus, A.M.; Comulada, W.S.; Lopez, S.A.; Bath, E.; Amani, B.; Jackson, J.; Lee, A.; Rice, E.; Semaan, A.; Kim, B.-K.E.","Behavioral family interventions are an effective way to intervene to prevent negative developmental outcomes for adolescents. Participation in family interventions encompasses behavioral and cognitive/attitudinal dimensions, among others, indicated by retention and engagement, respectively. Two dimensions of participation, retention and engagement, in a family intervention were examined in a sample of newly homeless adolescents and their parents or guardians. Correlates of participation included parents with more income and less perceived family conflict and adolescents with higher endorsement of depression, anxiety, somatization, obsessive-compulsive, phobic, and psychotic symptoms on the Brief Symptom Inventory (BSI). Stronger therapeutic alliance was correlated with being more distressed (i.e., lower income, more hostility), being a female adolescent participant, and having greater comfort discussing sex with parents. Furthermore, parents and adolescents with greater distress and thus greater need were more apt to finish the intervention. The finding that families who were experiencing more distress had higher alliance scores suggests that there is an additional need for development of interventions for families in crisis. Both participant and provider perceptions are also important in development of a strong therapeutic alliance. This study’s findings have implications for further exploration of the development of cultural humility and improving mental health literacy among facilitators of behavioral interventions. © 2020, Society for Prevention Research.",2020,,Prev. Sci.,21,8,1048-1058,,10.1007/s11121-020-01157-9,,#1562,Milburn 2020,,
An Adapted Life Skills Empowerment Program for Homeless Youth: Preliminary Findings,"Sisselman-Borgia, A.","Homeless youth are a difficult to reach subgroup of homeless individuals who require a unique level of intervention given their specific vulnerabilities as young people. They experience higher levels of trauma than their housed counterparts and lack parental guidance around concrete life skills as well as emotional support. This article provides a description of the adaptation process of a pilot life skills empowerment program designed to help homeless youth integrate successfully into the community by providing life skills training, emotional support, and social justice awareness. Youth participated in twice weekly group sessions and one-to-one mentoring with community volunteers. The adapted program was piloted in 3 cycles with small groups totaling 20 youth over the course of 18 months. Mixed methods were used to evaluate youths’ experiences in the program. While the sample size was too small to detect statistical significance, scores on validated measures (Antonovsky’s Sense of Coherence measurement tool and the Post-Traumatic Check-list Civilian version) demonstrated improvements in coping and sense of coherence and decreases in trauma symptoms. Qualitative findings supported the quantitative trends, demonstrating that youth felt more confident and hopeful about their futures, were able to set goals for themselves, and begin training programs and jobs. Youth were also able to develop trusting and meaningful relationships with mentors, staff, and peers. Implications for future program development and practice, future research, and social services education are discussed. © 2021 Taylor & Francis Group, LLC.",2021,,Child Youth Serv.,42,1,43-79,,10.1080/0145935X.2021.1884542,,#1600,Sisselman-Borgia 2021,,
A multilevel intervention framework for supporting people experiencing homelessness with pets,"Kerman, N.; Lem, M.; Witte, M.; Kim, C.; Rhoades, H.","Approximately one in 10 people experiencing homelessness have pets. Despite the psychosocial benefits derived from pet ownership, systemic and structural barriers can prevent this group from meeting their basic needs and exiting homelessness. A multilevel framework is proposed for improving the health and well‐being of pet owners experiencing homelessness. Informed by a One Health approach, the framework identifies interventions at the policy, public, and direct service delivery levels. Policy interventions are proposed to increase the supply of petfriendly emergency shelters, access to market rental housing and veterinary medicine, and the use of a Housing First approach. At the public level, educational interventions are needed to improve knowledge and reduce stigma about the relationship between homelessness and pet ownership. Direct service providers can support pet owners experiencing homelessness by recognizing their strengths, connecting them to community services, being aware of the risks associated with pet loss, providing harm reduction strategies, documenting animals as emotional support animals, and engaging in advocacy. By targeting policies and service approaches that exacerbate the hardships faced by pet owners experiencing homelessness, the framework is a set of deliberate actions to better support a group that is often overlooked or unaccommodated in efforts to end homelessness. © 2020 by the authors. Licensee MDPI, Basel, Switzerland.",2020,,Animals,10,10,18-Jan,,10.3390/ani10101869,,#1641,Kerman 2020,,
Programming ideas for youth experiencing homelessness,"Forstadt, L.; Yuan, S.; Ashurst, K.; Scheer, M.; Myers, S.; Wallace, H.S.","This article provides an overview of some of the demographics of youth experiencing homelessness and examples of how Cooperative Extension is working with this population around the country. A discussion of the needs of this population is provided, along with strategies for how Extension can connect with current efforts to reach youth experiencing homelessness to build resilience. Data are summarized from a webinar for Extension professionals. Education in this area is worthwhile to youth development professionals who may be interested in designing new programs, expanding current programs, finding new program partnerships, and using programs to support youth experiencing homelessness. Local and national-level programs that are designed to reach youth experiencing homelessness are highlighted. The structure and resources of the Cooperative Extension system nationwide are ideal to provide supplementary support to youth experiencing homelessness in a variety of settings. This article is an invitation to expand this conversation and further explore the needs of youth experiencing homelessness and Extension's capacity to respond. © New articles in this journal are licensed under a Creative Commons Attribution 4.0 License. This journal is published by the University Library System, University of Pittsburgh and is cosponsored by the University of Pittsburgh Press. The Journal of Youth Development is the official peer-reviewed publication of the National Association of Extension 4-H Youth Development Professionals and the National AfterSchool Association.",2021,,J. Youth Dev.,15,6,252-271,,10.5195/JYD.2020.803,,#1650,Forstadt 2021,,
At the nexus of two terrains: a critical ethnographic case study of an afterschool center for homelessness,"Pavlakis, A.E.","Little work examines the nexus of student homelessness and afterschool provision. This critical ethnographic case study of organizational culture draws from observation, documents, and interviews with youth experiencing homelessness, staff, and volunteers at a community-based afterschool center for youth experiencing homelessness. It explores how the center straddled the discourses and ideologies inherent in both the student homelessness and afterschool terrains. The center built close connections between and amongst youth and staff and fostered wide-ranging community collaborations, which allowed it to connect youth to various resources and offer flexible programming. Yet, it also suffered from contradictions and tensions in its framing of parents, youth, homelessness, and race. These strengths and weaknesses reflected the center’s position at the nexus of both homelessness and afterschool. Implications for research, policy, and practice are discussed. © 2020 Informa UK Limited, trading as Taylor & Francis Group.",2021,,Int. J. Qual. Stud. Educ.,34,2,125-144,,10.1080/09518398.2020.1735558,,#1651,Pavlakis 2021,,
Supporting Female Survivors of Gender-Based Violence Experiencing Homelessness: Outcomes of a Health Promotion Psychoeducation Group Intervention,"Bani-Fatemi, A.; Malta, M.; Noble, A.; Wang, W.; Rajakulendran, T.; Kahan, D.; Stergiopoulos, V.","Homelessness is an important risk factor for gender-based violence (GBV), particularly among youth, and disproportionally affects women and girls. Survivors of GBV experience enduring and severe physical, psychological, and sexual health problems. Although key elements in service delivery for survivors of GBV have been identified, little is known about outcomes of community-based programs aiming to assist homeless and unstably housed youth experiencing GBV. This longitudinal study aimed to quantitatively evaluate changes in mental health and well-being outcomes in female identified youth experiencing GBV and homelessness, 12 months after enrolment in a community-based, trauma-informed, brief group psychoeducation intervention. Standardized survey measures were administered at baseline, 6 and 12 months for 70 participants, recruited between February 2017 and April 2019, assessing quality of life, psychological distress, traumatic symptoms, substance use, resilience, victimization, and sense of mastery. Linear mixed models were used to examine longitudinal changes in quality of life as well as secondary outcomes among study participants. After 12 months, quality of life increased significantly among participants (p = 0.009), and the 12-month victimization score was significantly decreased relative to baseline (p = 0.05). Changes in other outcomes were not statistically significant. Findings suggest that community-based brief group psychoeducation interventions may be a promising approach to improving outcomes for this disadvantaged population. © Copyright © 2020 Bani-Fatemi, Malta, Noble, Wang, Rajakulendran, Kahan and Stergiopoulos.",2020,,Front. Psychiatry,11,,,,10.3389/fpsyt.2020.601540,,#1654,Bani-Fatemi 2020,,
Clinical Trial of an AI-Augmented Intervention for HIV prevention in Youth Experiencing Homelessness,"Wilder, B.; Onasch-Vera, L.; Diguiseppi, G.; Petering, R.; Hill, C.; Yadav, A.; Rice, E.; Tambe, M.","Youth experiencing homelessness (YEH) are subject to substantially greater risk of HIV infection, compounded both by their lack of access to stable housing and the disproportionate representation of youth of marginalized racial, ethnic, and gender identity groups among YEH. A key goal for health equity is to improve adoption of protective behaviors in this population. One promising strategy for intervention is to recruit peer leaders from the population of YEH to promote behaviors such as condom usage and regular HIV testing to their social contacts. This raises a computational question: which youth should be selected as peer leaders to maximize the overall impact of the intervention? We developed an artificial intelligence system to optimize such social network interventions in a community health setting. We conducted a clinical trial enrolling 713 YEH at drop-in centers in a large US city. The clinical trial compared interventions planned with the algorithm to those where the highest-degree nodes in the youths' social network were recruited as peer leaders (the standard method in public health) and to an observation-only control group. Results from the clinical trial show that youth in the AI group experience statistically significant reductions in key risk behaviors for HIV transmission, while those in the other groups do not. This provides, to our knowledge, the first empirical validation of the usage of AI methods to optimize social network interventions for health. We conclude by discussing lessons learned over the course of the project which may inform future attempts to use AI in community-level interventions. Copyright © 2021, Association for the Advancement of Artificial Intelligence (www.aaai.org). All rights reserved",2021,,"35th AAAI Conference on Artificial Intelligence, AAAI 2021",17A,,14948-14956,,,,#1657,Wilder 2021,,
Redesign of a homelessness service system for young people,"MacKenzie, D.; Hand, T.; Zufferey, C.; McNelis, S.; Spinney, A.; Tedmanson, D.","Children and young people (aged 12–25 years) are one of the largest cohorts of users of homelessness services: in 2017–2018, there were 81,193 young parents and accompanying children (28%) and 43,200 young people presenting alone (16%). • Children and young people, as well as ‘people exiting institutions and care into homelessness’ are priority cohorts under the National Housing and Homelessness Agreement (NAHA; 2018), and this is carried over into most of the state and territory strategies and plans. • The redesign of the youth homelessness services system is best conceptualised at the community level, as the ‘system’ where interaction between young people and services—including schools—actually takes place. • Thinking about the ‘community as system’ means that small-area data analysis of need, trends and outcomes should be developed into community-level focussed planning of the ecosystem of supports required by vulnerable young people. • There is a strong case in theory—and from practical experimentation—for adopting a system reform agenda that makes the shift from a program-oriented approach to a place-based cross-sectoral ‘collective impact’ framework for support and service delivery for at-risk and homeless young people. • A systemic implementation of a place-based community approach to early intervention involving proactive identification of risk, a tiered practice framework, an extended workforce of youth and family workers, and school welfare/wellbeing staff working under a formal collaboration and within a strong data-driven outcomes framework will begin to reduce the flow of young people into homelessness. • A policy imperative is to fund the development of youth-specific social housing options that provide the appropriate levels of support that young people need, while scaling up rents over time as young people progress through education or training and gain access to employment. • A systemic needs-based implementation of the Home Stretch agenda, which advocates the extension of support for all care-leavers until 21 years, would have a significant impact on a major stream of vulnerable youth becoming homeless. © 2020 Australian Housing and Urban Research Institute. All rights reserved.",2020,,AHURI Final Rep.,,327,,,10.18408/ahuri-5119101,,#1717,MacKenzie 2020,,
Navigating Housing Instability and Substance Use: Hidden Tensions Facing Youth in Small Town America,"Curry, S.R.; Samuels, G.M.; Cerven, C.; Dworsky, A.","Recent scholarship indicates that youth homelessness is a significant problem outside urban areas. However, previous studies have not examined how local contexts shape the experiences of youth who are homeless in rural areas and small towns with high rates of poverty and epidemic drug use. To address this gap, this analysis draws from two components of a large national study of homelessness among youth, using data collected in a small non-urban setting in the Northwest including (1) a subset of 41 (out of 215 nationally) in-depth interviews with youth and (2) a subset of 16 surveys (out of 523 nationally) with service providers. We explored availability of services and how youth navigate housing instability and the service landscape in small communities. We discovered that current or prior addictions sometimes posed risks to the safety of youth and compromised their ability to rely on family supports–a support proving critical in the absence of a formal service infrastructure. Our results suggest that youth experiencing housing instability in the context of high rates of drug use and limited formal services must often choose between meeting competing needs: a place to stay versus sobriety. We discuss the implications for policy, practice, and research. © 2019, © 2019 Taylor & Francis Group, LLC.",2020,,J. Soc. Serv. Res.,46,3,361-378,,10.1080/01488376.2019.1575322,,#1757,Curry 2020,,
Provider perspectives of housing programs for young adults experiencing homelessness,"Semborski, S.; Redline, B.; Rhoades, H.; Henwood, B.","Objective: Qualitative methods were used to investigate the perspectives of service providers working in Permanent Supportive Housing, Transitional Living Programs, and Rapid Rehousing for young adults who have experienced homelessness. The primary aim was to explore how housing models were designed, implemented, and the extent to which there is variability in how providers approach their work with young adults. Methods: Data come from 26 housing service providers purposively sampled from supportive housing providers across the United States between October 2017 and July 2018. Interview transcripts were analyzed using a comparative case summary approach, grouped by program model. Results: Three themes emerged from the qualitative analysis related to how specific housing models were developed (Stranded between systems: “No model to follow”), the strategies that providers took to support residents toward independence and self-sufficiency (Working toward independence and self-sufficiency: “No one-sized approach”), and the various roles that individual providers discussed fulfilling in their work with young adults (Shifting roles: “Whatever type of figure is needed”). Discussion: While the overarching goals of supportive housing span across housing models, the methods and philosophies of service delivery differ, mirroring the programmatic structure of the model. Results point to a competing philosophies approach to housing as it delivers different philosophically oriented programming models for similar youth through Transitional Living Programs, Permanent Supportive Housing, and Rapid Rehousing models. © 2020 Elsevier Ltd",2020,,Child. Youth Serv. Rev.,112,,,,10.1016/j.childyouth.2020.104898,,#1767,Semborski 2020,,
In search of employment: Tackling youth homelessness and unemployment,"Axe, J.; Childs, E.; Manion, K.","At a time when homelessness, inequality and poverty plague Canadian society, an organization in Whistler, British Columbia has been working for over 20 years to combat some of the associated issues faced by vulnerable youth. This multi-year research project explored one of the programs offered by the organization with the intent of gaining an understanding of the short- and long-term impact, the future requirements for sustainability and growth, and the alignment of the program to local and regional needs. Through a series of focus groups, qualitative data was collected and, while the focus of the research project fell across the identified program foci of housing, employment, participant experience, and support, this article focuses specifically on the findings related to employment. The five themes that were identified in the data collected included: participants’ context, processes to support accountability, contributors to success, challenges, and participants’ suggestions for improvement. Across these themes and sub-themes, it was clear that stable employment is a necessary component of a comprehensive program that supports youth as they build resilience and combat homelessness. © 2020 Elsevier Ltd",2020,,Child. Youth Serv. Rev.,113,,,,10.1016/j.childyouth.2019.104704,,#1790,Axe 2020,,
Study protocol for a group-based motivational interviewing brief intervention to reduce substance use and sexual risk behavior among young adults experiencing homelessness,"Tucker, J.S.; D'amico, E.J.; Pedersen, E.R.; Rodriguez, A.; Garvey, R.","Background: Young people experiencing homelessness have alarmingly high rates of alcohol and other drug (AOD) use, which is associated with sexual risk behaviors such as unprotected sex, trading sex, and sex with multiple casual partners. Few risk reduction programs for this population have been developed and rigorously evaluated, particularly those that address both of these interrelated behaviors, use a collaborative and non-judgmental approach, and are feasible to deliver in settings where homeless young people seek services. This paper describes the protocol of a study evaluating a four-session Motivational Interviewing (MI)-based group risk reduction intervention for this population. The protocol has been shown to be efficacious in pilot work over 3 months with 200 homeless young adults [1]. The current study seeks to refine the intervention protocol and evaluate the program on a larger scale. Methods/design: In a cluster-cross-over randomized controlled trial, 18-25 year olds will receive the AWARE risk reduction program (n = 200) or standard care (n = 200) at one of three drop-in centers serving homeless youth in the Los Angeles area. We will evaluate intervention effects on primary outcomes of AOD use and sexual risk behavior, as well as secondary outcomes of health-related quality of life and social stability, over a 12-month period. Discussion: This project has the potential to fill a significant gap in prevention services by demonstrating that a brief intervention, feasible to deliver within settings where young people experiencing homelessness typically seeks services, can significantly reduce the interrelated problems of AOD use and sexual risk behavior. Trial registration ClinicalTrials.gov Identifier: NCT03735784. Registered November 18, 2018, https://clinicaltrials.gov/ct2/show/record/NCT03735784 (retrospectively registered)  © 2020 The Author(s).",2020,,Addict. Sci. Clin. Pract.,15,1,,,10.1186/s13722-020-00201-x,,#1793,Tucker 2020,,
Family network satisfaction moderates treatment effects among homeless youth experiencing suicidal ideation,"Wu, Q.; Zhang, J.; Walsh, L.; Slesnick, N.","Objective: Limited research has evaluated the efficacy of suicide prevention interventions among homeless youth, especially considering how their connectedness with their family would impact treatment outcomes. Method: Suicidal homeless youth (N = 150) between the ages of 18–24 years were recruited from a local drop-in center. Youth were randomly assigned to Cognitive Therapy for Suicide Prevention (CTSP) + Treatment as Usual (TAU) or Treatment as Usual alone. Youth reported their family network satisfaction at the baseline assessment, whereas their suicidal ideation, perceived burdensomeness and thwarted belongingness were assessed at baseline and three additional times during a nine-month period. Results: A multiple-group autoregressive cross-lagged model suggests that CTSP was associated with lower suicidal ideation and lower thwarted belongingness only among those with high family network satisfaction. Among both groups, perceived burdensomeness predicted higher suicidal ideation, which in turn predicted lower perceived burdensomeness and thwarted belongingness. Additionally, only among youth with low family network satisfaction, thwarted belongingness predicted lower suicidal ideation. Conclusions: Findings suggest that family network satisfaction may be an important factor when considering cognitive interventions with homeless youth, with implications to improve treatment efforts and to reduce premature mortality, hospitalization and loss of human capital in a very high-risk population. © 2019 Elsevier Ltd",2020,,Behav. Res. Ther.,125,,,,10.1016/j.brat.2019.103548,,#1811,Wu 2020,,
Cognitive Therapy for Suicide Prevention: A Randomized Pilot with Suicidal Youth Experiencing Homelessness,"Slesnick, N.; Zhang, J.; Feng, X.; Wu, Q.; Walsh, L.; Granello, D.H.","Homeless youth have extremely high rates of suicidal ideation and attempts, but limited research has evaluated the efficacy of suicide prevention interventions. Suicidal homeless youth (N = 150) between the ages of 18 to 24 years were recruited from a local drop-in center. Of interest was (1) whether the proposed sample of eligible youth could be identified, (2) whether youth could be engaged and retained in the prevention intervention, and (3) whether the intervention was associated with reduced suicidal ideation, our primary outcome measure. In particular, youth were randomly assigned to Cognitive Therapy for Suicide Prevention (CTSP) + Treatment as Usual (TAU) (N = 75) or TAU alone (N = 75). Findings showed that the proposed sample of eligible youth could be identified and engaged in the study, and all youth showed a significant decline in suicidal ideation over time, with a faster decline among youth assigned to CTSP. These findings suggest that (1) at-risk suicidal youth can be identified and engaged outside of hospital emergency rooms, such as in drop-in centers, and (2) intervention added to TAU can strengthen reductions in suicidal ideation. Ultimately, attention towards reducing suicide risk among these youth has the potential to reduce premature mortality, hospitalization and loss of human capital. © 2019, Springer Science+Business Media, LLC, part of Springer Nature.",2020,,Cogn. Ther. Res.,44,2,402-411,,10.1007/s10608-019-10068-1,,#1817,Slesnick 2020,,
Implementing a trauma-informed intervention for homeless female survivors of gender-based violence: Lessons learned in a large Canadian urban centre,"Kahan, D.; Lamanna, D.; Rajakulendran, T.; Noble, A.; Stergiopoulos, V.","Gender-based violence is associated with an elevated risk of physical and psychological harm for girls and women. This study examines service user and provider experiences of a trauma-informed, peer-facilitated group psychosocial intervention (Peer Education and Connection through Empowerment [PEACE]) targeting female-identified youth experiencing homelessness and gender-based violence. Participants were recruited among service users and providers of the intervention, delivered in Toronto, Canada. We conducted 19 semi-structured interviews between May and October 2017, engaging 12 service users and 7 additional stakeholders (including social service providers, peers and program administrators). We elicited participant perspectives on the acceptability of the intervention and key enablers of successful implementation and engagement of the target population. Qualitative transcripts were analysed using thematic analysis. Service users, including survivors of sexual exploitation, forced marriage and honour crimes, described satisfaction with and acceptability of the intervention. A number of factors were perceived by service users and providers as contributing to the intervention's successful implementation, including a focus on service user needs, program quality, flexibility and accessibility and strong inter-and intra-agency networks. Introducing peers as mentors led to challenges that could be mitigated through peer mentor education and training to maintain healthy boundaries and enhance peer mentor retention. The need for clear guidelines on the management of trauma disclosures in community settings and a systems-wide approach to service provider and administrator training in the effective integration of peer support services also emerged as important areas for future development. A group-based, trauma-informed and peer-supported psychosocial intervention was acceptable to service users and providers and successfully engaged female-identified survivors of gender-based violence who were also experiencing homelessness. Findings add to the scant knowledge base on interventions to support this population and identify important areas for future research. © 2019 John Wiley & Sons Ltd",2020,,Health Soc. Care Community,28,3,823-832,,10.1111/hsc.12913,,#1836,Kahan 2020,,
Ode’imin giizis: Proposing and piloting gardening as an indigenous childhood health intervention,"Johnson-Jennings, M.; Paul, K.; Olson, D.; Labeau, M.; Jennings, D.","The Research for Indigenous Community Health Center and the American Indian Housing Organization sought to reduce obesity among Indigenous children and families in a Northern Midwestern urban community who are at risk for homelessness by piloting a gardening health intervention. This community-based participatory research, mixed-methods study examined the feasibility of gardening as an obesity intervention among a school-aged Indigenous population at risk for homelessness through using focus groups, key informant interviews, and valid health measures. The program was found highly feasible and fulfilled a critical need among Indigenous youth and their families, who reportedly suffered from food insecurity and access. This intervention increased healthy food awareness and perceptions, cultural resources, and ancestral food knowledge skills through activities, mentorship, and multigenerational engagement. This study augments the literature on the feasibility of using tribal ecological knowledge and the environment in designing culturally appropriate health interventions. © Meharry Medical College.",2020,,J. Health Care Poor Underserved,31,2,871-888,,10.1353/hpu.2020.0066,,#1859,Johnson-Jennings 2020,,
Assessing and treating complex mental health needs among homeless youth in a shelter-based clinic,"Winiarski, D.A.; Rufa, A.K.; Bounds, D.T.; Glover, A.C.; Hill, K.A.; Karnik, N.S.","Background: Rates of homelessness have been increasing in recent years, thereby necessitating a more direct approach to treating this complex social problem. Homeless youth have disproportionately high rates of untreated mental health problems and are therefore particularly vulnerable to the effects of homelessness during the transition period from adolescence to adulthood. Methods: The study team developed a shelter-based clinic and collected clinical measures on youth who attended this clinic from October 2016 through June 2018. Results: Youth attended an average number of three sessions, but there was a significant drop in follow-up after the first (intake) appointment. Depression, anger, and adjustment disorder emerged as the most common presenting mental health concerns identified by clinicians in the intake appointment, and trauma was identified as a significant complaint for those youth who returned for a second session. Conclusion: Mental health care is needed in this population, but future studies should explore alternative approaches to retaining homeless youth in treatment and in designing targeted trauma-informed interventions. © 2020 The Author(s).",2020,,BMC Health Serv. Res.,20,1,,,10.1186/s12913-020-4953-9,,#1865,Winiarski 2020,,
Smartphone application plus brief motivational intervention reduces substance use and sexual risk behaviors among homeless young adults: Results from a randomized controlled trial,"Thompson, R.G.; Aivadyan, C.; Stohl, M.; Aharonovich, E.; Hasin, D.S.","Homeless young adults are more likely than their never-homeless counterparts to abuse substances and engage in sexual risk behaviors. This study evaluated the feasibility and preliminary effectiveness of OnTrack, a smartphone application to self-monitor substance use and sexual risk behaviors, plus a brief motivational intervention (BMI), in reducing substance use and sexual risk among homeless young adults. A randomized controlled pilot trial (N = 60) compared OnTrack + BMI to treatment as usual (TAU) at an inner-city crisis shelter for homeless young adults (aged 18-21 years). Participants were assessed at baseline and 2 weeks, 4 weeks, and 6 weeks after baseline to evaluate substance use and sexual risk behaviors. Kruskal-Wallis tests determined differences between baseline and postintervention assessments. Logistic regression models examined treatment effect on change in outcomes between baseline and postintervention follow-up assessment, controlling for baseline levels. Participants in OnTrack + BMI significantly reduced past 2-week number of drinks (p =.023), times used marijuana (p =.046), times engaged in unprotected sex (p =.012), and times used drugs before sexual activity (p =.019). No reductions of substance use or sexual risk behaviors were found among participants in TAU (all ps >.05). After adjusting for baseline levels of substance use and sexual risk, participants in OnTrack + BMI had significantly lower odds than those in TAU for drinking alcohol (adjusted OR = 0.14; p =.01) and having unprotected sex (adjusted OR = 0.151; p =.032). OnTrack + BMI is feasible and effective in reducing past 2-week alcohol use and unprotected sex among homeless young adults. A larger randomized trial is warranted to replicate and extend present results. © 2020 American Psychological Association.",2020,,Psychol. Addict. Behav.,34,6,641-649,,10.1037/adb0000570,,#1870,Thompson 2020,,
Specialized assertive community treatment intervention for homeless youth with first episode psychosis and substance use disorder: A 2-year follow-up study,"Doré-Gauthier, V.; Miron, J.-P.; Jutras-Aswad, D.; Ouellet-Plamondon, C.; Abdel-Baki, A.","Aim: No previous study has investigated interventions for homeless youth suffering from first episode psychosis and comorbid substance use disorder (HYPS). An intensive assertive community intervention team (IACIT) offering outreach interventions, housing support as well as integrated care for early psychosis and substance use disorder (SUD) was created in 2012 at the Centre Hospitalier de l'Université de Montréal (CHUM). To explore the impact of the addition of an IACIT to an early intervention for psychosis service (EIS) on housing stability, functional and symptomatic outcomes and mental health service use. Methods: A two-year longitudinal study comparing the outcome of HYPS receiving combined EIS and IACIT since 2012, to a historical cohort of HYPS receiving EIS only between 2005 and 2011. Socio-demographic data, housing stability, functioning, illness severity, SUD severity, emergency room visits and hospitalizations were assessed at admission, at 1 month, and every 3 months thereafter. Results: HYPS receiving EIS + IACIT achieved housing stability more rapidly and spent less time hospitalized than HYPS getting EIS only (RR 2.38, P =.017). HYPS with cocaine misuse were less likely to attain housing stability (RR 0.25, P =.04). No between-group differences were found for psychiatric symptoms, functioning and SUD outcomes. Conclusion: The addition of IACIT-HYPS to EIS was associated with earlier housing stability and reduced total hospitalization days compared to EIS alone. © 2019 John Wiley & Sons Australia, Ltd",2020,,Early Intervent. Psychiatry,14,2,203-210,,10.1111/eip.12846,,#1891,Doré-Gauthier 2020,,
"Holistic, trauma-informed adolescent pregnancy prevention and sexual health promotion for female youth experiencing homelessness: Initial outcomes of Wahine Talk","Aparicio, E.M.; Kachingwe, O.N.; Phillips, D.R.; Fleishman, J.; Novick, J.; Okimoto, T.; Kaleipumehana Cabral, M.; Ka'opua, L.S.; Childers, C.; Espero, J.; Anderson, K.","Female youth experiencing homelessness are at high risk for pregnancy due to a host of individual, family, and community-level risk factors. This embedded mixed-method quasi-experimental pilot study examined the initial outcomes of Wahine (woman) Talk, a comprehensive sexual health program delivered by an interdisciplinary team to female youth experiencing homelessness. Wahine Talk includes provision of and connection to basic needs resources, peer mentoring, group based sexual health education, and linkage to and provision of sexual health care. Process and outcome data were collected throughout and for six months after Wahine Talk from a diverse group of 14–22-year-old female youth (N = 51) experiencing homelessness. In-depth individual and focus group interview data were collected from providers and youth after Wahine Talk, and analyzed using Template Analysis. Over half (62.7%) of participants were linked to sexual health care during Wahine Talk and birth control usage tripled following the program. Depo-Provera and long acting reversible contraception (LARC) usage, in particular, increased during Wahine Talk (1–19% and 0–25.5%, respectively). Within six months, 31.4% of youth had adopted LARC and 3.9% were using Depo-Provera. Individual and focus group interviews with providers and youth affirm program acceptability and appropriateness. © 2019 Elsevier Ltd",2019,,Child. Youth Serv. Rev.,107,,,,10.1016/j.childyouth.2019.104509,,#1926,Aparicio 2019,,
Food insecurity among formerly homeless youth in supportive housing: A social-ecological analysis of a structural intervention,"Brothers, S.; Lin, J.; Schonberg, J.; Drew, C.; Auerswald, C.","A growing body of research indicates that structural interventions to provide permanent supportive housing (PSH) to homeless adults within a Housing First approach can improve their health. However, research is lacking regarding the impact of PSH on youth experiencing homelessness. This article seeks to understand how PSH for youth impacts a basic health need—food security— across multiple levels of the social-ecological environment. In January of 2014, San Francisco, California opened the city's first municipally-funded PSH building exclusively designated for transition-aged youth (ages 18–24). We conducted 20 months of participant observation and in-depth interviews with 39 youth from April 2014 to December 2015. Ethnographic fieldnotes and interview transcripts were analyzed using grounded theory. We present our social-ecological assessment regarding food insecurity for formerly homeless youth in supportive housing. We found that although housing removes some major sources of food insecurity from their lives, it adds others. Many of the participating youth were frequently hungry and went without food for entire days. Mechanisms across multiple levels of the social-ecological model contribute to food insecurity. Mechanisms on the structural level include stigma, neighborhood food resources, and monthly hunger cycles. Mechanisms on the institutional level include the transition into housing and housing policies regarding kitchen use and food storage. Interpersonal level mechanisms include food sharing within social networks. Individual level mechanisms include limited cooking skills, equipment, and coping strategies to manage hunger. Although supportive housing provides shelter to youth, effective implementation of the Housing First/PSH model for youth must ensure their access to an affordable nutritious diet. © 2019 Elsevier Ltd",2020,,Soc. Sci. Med.,245,,,,10.1016/j.socscimed.2019.112724,,#1929,Brothers 2020,,
A Promising Route Towards Improvement of Homeless Young People’s Access to Mental Health Services: The Creation and Evolution of an Outreach Service Network in Montréal,"Morisseau-Guillot, R.; Aubin, D.; Deschênes, J.-M.; Gioia, M.; Malla, A.; Bauco, P.; Dupont, M.-È.; Abdel-Baki, A.","Youth homelessness is a complex phenomenon as well as an important public health issue often compounded by mental illness of varying severity, in turn creating numerous deleterious consequences. While emergency health services usage remains high, access to mental health services is arduous and conventional interventions often fall short on providing integrated care and seldom lead to sustained positive outcomes for this group. From this observation, clinicians in Montreal, Canada, initiated collaborative meetings, eventually attended by a growing number of institutional and community stakeholders working with homeless youth. Acknowledging the unique needs of this population, the Réseau d’intervention de proximité auprès des Jeunes de la Rue (RIPAJ) or Montreal Homeless Youth Network was created to engage and seamlessly connect youth with the right resources within the network including mental health services amongst others. The genesis, philosophy and unique features of RIPAJ that allow for effective and cohesive interventions as well as future directions are discussed. © 2019, Springer Science+Business Media, LLC, part of Springer Nature.",2020,,Community Ment. Health J.,56,2,258-270,,10.1007/s10597-019-00456-y,,#1951,Morisseau-Guillot 2020,,
Feasibility of a Mindfulness-Based Intervention with Sheltered Youth Experiencing Homelessness,"Santa Maria, D.; Cuccaro, P.; Bender, K.; Cron, S.; Fine, M.; Sibinga, E.","Objectives: Evidence of the acceptability and potential efficacy of mindfulness strategies with at-risk youth is mounting. Yet only a few studies have assessed these strategies among youth experiencing homelessness (YEH). Methods: We conducted a mixed methods feasibility study of an adapted mindfulness-based intervention (MBI) with sheltered YEH. The MBI consisted of five 1.5-h sessions delivered at a youth homeless shelter over 2.5 weeks. A one-group pre/post-test design was utilized to collect quantitative assessments of real-time cognitions followed by qualitative inquiry to assess participants’ experiences and perceptions of the intervention. Results: Participants (N = 39) were between 18–21 years old with the majority identifying as male (56.4%), heterosexual (74.4%), Black (51.3%) and Hispanic (15.4%). Attendance was challenging for participants (2.2 sessions attended on average) who had varying work and school obligations. However, pre–post session survey data completeness was excellent (92% completion rate). Participants completed self-report surveys prior to and after each session that measured affect. Significant improvement in pre–post session outcomes were found for frustration, restlessness, stress, depression, boredom, and mindlessness. Participants reported high levels of acceptability of the curriculum content and delivery format. However, several substantial adaptations that youth identified may improve feasibility and acceptability among YEH. The results are limited by the small sample size and the use of a curriculum not developed with or for YEH. Conclusions: This study demonstrates the potential feasibility of using MBIs among YEH although adaptations to existing curricula are necessary to increase relevance, acceptability of, and access to MBIs among YEH. © 2019, The Author(s).",2020,,J. Child Fam. Stud.,29,1,261-272,,10.1007/s10826-019-01583-6,,#1968,SantaMaria 2020,,
Needs of Transitionally Housed Young People to Promote Occupational Participation,"Simpson, E.K.; McDermott, C.P.; Hild, L.E.","This qualitative descriptive study explored what young people who are transitionally housed need to promote occupational participation. Nine young people and four staff members from a transitional living facility participated in interviews and focus groups. Results suggested that the young people need opportunities to practice independent living skills, develop routines to support employment, housing, and education, and receive more individualized support from service providers. Findings also reveal that service providers experience a range of barriers to meeting young people's needs. This study underscores the importance of occupational therapy practitioners being informed of national and regional policies as well as emerging evidence of innovative approaches with populations, communities, and individuals so as to ultimately develop novel, collaborative, occupation-based programs to help young people set goals and transition out of homelessness. © 2020, © 2020 Taylor & Francis Group, LLC.",2020,,Occup. Ther. Health Care,34,1,62-80,,10.1080/07380577.2020.1737895,,#1977,Simpson 2020,,
Millennial consumers' responses to cause-related marketing in support of LGBTQ homeless youth,"Hensley, C.; Diddi, S.; Hyllegard, K.","This study explored Millennial consumers' responses to a cause-related marketing (CRM) initiative for a sensitive social cause-lesbian, gay, bisexual, transgender and queer (LGBTQ) homeless youth. Qualitative and quantitative research methods were employed to examine the effectiveness of CRM in generating financial support for LGBTQ homeless youth. Findings revealed that self-cause congruence may be an important factor in determining Millennial consumers' responses to a CRM initiative for LGBTQ homeless youth; whereas, message frame/appeal may be less important for generating response to such an initiative. Findings also indicated that gender, information processing, guilt, and skepticism influenced Millennial consumers' attitudes toward brand, attitudes toward cause, and behavioral intentions toward the CRM initiative. These findings offer implications for brands/companies that may wish to engage in CRM initiative in support of sensitive social causes. By addressing a sensitive social cause-LGBTQ homeless youth-findings provide an original contribution to theCRMliterature. Findings reveal that self-cause congruence is an important predictor of behavioral intention toward the LGBTQ social cause. This provides an implication for marketers who want to target their relationship-building efforts toward individuals who have demonstrated prior engagement with a social cause. Findings also have implications for brands/companies that wish to develop CRM initiatives for controversial causes. © 2019 by the authors.",2019,,Soc. Sci.,8,8,,,10.3390/socsci8080240,,#1978,Hensley 2019,,
Network-based intervention strategies to reduce violence among homeless,"Srivastava, A.; Petering, R.; Barr, N.; Kannan, R.; Rice, E.; Prasanna, V.K.","Violence is a phenomenon that severely impacts homeless youth who are at an increased risk of experiencing it as a result of many contributing factors such as traumatic childhood experiences, involvement in delinquent activities, and exposure to perpetrators due to street tenure. Reducing violence in this population is necessary to ensure that the individuals can safely and successfully exit homelessness and lead a long productive life. Interventions to reduce violence in this population are difficult to implement due to the complex nature of violence. However, a peer-based intervention approach would likely be a worthy approach as previous research has shown that individuals who interact with more violent individuals are more likely to be violent, suggesting a contagious nature of violence. We propose uncertain voter model to represent the complex process of diffusion of violence over a social network that captures uncertainties in links and time over which the diffusion of violence takes place. Assuming this model, we define violence minimization problem where the task is to select a predefined number of individuals for intervention so that the expected number of violent individuals in the network is minimized over a given time frame. We also extend the problem to a probabilistic setting, where the success probability of converting an individual into nonviolent is a function of the number of “units” of intervention performed on them. We provide algorithms for finding the optimal intervention strategies for both scenarios. We demonstrate that our algorithms perform significantly better than interventions based on popular centrality measures in terms of reducing violence. Finally, we use our optimal algorithm for probabilistic intervention to recruit peers in a homeless youth shelter as a pilot study. Our surveys before and after the intervention show a significant reduction in violence. © 2019, Springer-Verlag GmbH Austria, part of Springer Nature.",2019,,Soc. Netw. Analysis Min.,9,1,,,10.1007/s13278-019-0584-8,,#1993,Srivastava 2019,,
"Mental Disorder, Service Utilization, and GPA: Studying Mental Health of Former Child Welfare and Youth Experiencing Homelessness in a Campus Support Program","Huang, H.; Fernandez, S.B.; Rhoden, M.-A.; Joseph, R.","Research has identified higher rates of mental disorders among former child welfare youth and youth experiencing homelessness when compared with their peers in the general population. Given the growing number of campus support programs serving these youth, research should focus on students in these programs to understand whether mental health problems interfere with these students’ receipt of program services, which can lead to unsatisfactory academic performance. This study collected both quantitative and qualitative data from students in a campus support program to examine the prevalence of mental disorders, mental health service use, receipt of program services, students’ grade point average, and their perceptions of obstacles and motivations to academic success. Implications for social work research and practice are discussed. © The Author(s) 2019.",2020,,Fam. Soc.,101,1,54-70,,10.1177/1044389419863177,,#1994,Huang 2020,,
Trialing the feasibility of a critical time intervention for youth transitioning out of homelessness,"Kidd, S.A.; Vitopoulos, N.; Frederick, T.; Leon, S.; Wang, W.; Mushquash, C.; McKenzie, K.","Little is known regarding the specific types of service models and collaborations that are necessary to support diverse populations of youth in transition out of homelessness. Transitional supports addressing the complex needs of this population are needed to stabilize the array of housing arrangements that youth access. This study was a pilot randomized controlled trial of one such critical time intervention, called the Housing Outreach Program-Collaboration (HOP-C). HOP-C is a multicomponent, multidisciplinary intervention that provides 6 months of mental health and peer support, along with transitional case management to youth who have transitioned into some form of stable housing out of homelessness. In this trial, 65 youth were randomized to receive HOP-C plus treatment as usual or transitional case management plus treatment as usual. Outcome assessments were completed by 30 treatment and 28 control participants. The findings suggest that this intervention is feasible with mental health, employment or education, and housing metrics favoring HOP-C with odds ratios ranging from 2.28 to 3.18 and better subjective housing stability. Other indicators showed less change. HOP-C appears feasible and should be tested in a fully powered trial, providing the intervention for a duration longer than 6 months. Overall, these data suggest the potential benefit in fostering city-level, multidisciplinary teams sourced from several organizations to support youth transitioning out of homelessness. Pragmatic trial method considerations for this population are also addressed as are the ethical considerations pertinent to engaging highly marginalized youth in clinical trials. © 2020 Global Alliance for Behavioral Health and Social Justice.",2020,,Am. J. Orthopsychiatry,90,5,535-545,,10.1037/ort0000454,,#1997,Kidd 2020,,
Automated mobile phone-based mental health resource for homeless youth: Pilot study assessing feasibility and acceptability,"Glover, A.C.; Schueller, S.M.; Winiarski, D.A.; Smith, D.L.; Karnik, N.S.; Zalta, A.K.","Background: Youth experiencing housing instability have higher rates of mental health problems than their housed peers. Few studies have evaluated technological resources for homeless youth to determine how to effectively engage and reach them. Objective: The primary aims of this pilot study were to establish the feasibility (as measured by phone retention rates) and acceptability (ie, participant ratings of resources) of delivering automated mental health resources via smartphone technology. Methods: Youth aged 16 to 25 years (N=100) were recruited through homeless shelter agencies in the Chicago metropolitan area. Eligible participants completed a baseline assessment and received a smartphone with a 3-month data plan. The phone was preloaded with several apps designed to promote mental health wellness and provide real-time resources. One app specifically designed for this study, Pocket Helper 2.0, sent participants daily surveys and tips via push notification. The tips focused on coping and motivation, and the surveys assessed mood. This app also included an automated self-help system with brief cognitive behavioral interventions (5-10 min) and access to several interactive mobile tools, including a crisis text line, a telephone hotline, a crowd-based emotional support tool, and an app providing up-to-date information on social service and mental health resources for homeless youth in Chicago. Participants completed assessments at 3 and 6 months. Results: Some individuals (23%, 23/100) experienced problems with the phones (eg, theft, loss, and technological issues) throughout the study. Participant retention at the midpoint was moderate, with 48% (48/100) of youth responding to the 3-month surveys. At 6 months, only 19% (19/100) of the total sample responded to the end point survey. Overall, 63% (30/48) to 68% (13/19) of respondents at both time points reported benefiting from the intervention; however, participant usage and satisfaction varied with the different features. At both time points, participants reported receiving the most benefit from the daily tips and daily surveys. Daily tips that were most preferred by participants involved motivational tips related to overcoming struggles and making progress in life. Aside from the tips and surveys, the most used features were the app providing up-to-date resources and the automated self-help system. Interactive features, including the telephone hotline and crowd-based emotional support tool, were the least used features and were rated as the least beneficial. Conclusions: Automated mental health interventions seem to be an acceptable way to engage homeless youth in mental health support. The participants preferred fully automated features and brief interventions over features requiring interaction with others or more engagement. Future research should explore ways to retain homeless youth in interventions and evaluate the clinical impact of automated technology-based interventions for improving mental health. © 2019 JMIR Publications Inc.. All rights reserved.",2019,,JMIR Ment. Heal.,6,10,,,10.2196/15144,,#2001,Glover 2019,,
Understanding Wait Times in Rapid Re-Housing Among Homeless Youth: A Competing Risk Survival Analysis,"Hsu, H.-T.; Rice, E.; Wilson, J.; Semborski, S.; Vayanos, P.; Morton, M.","Approximately 3.5 million youth experience homelessness in the United States. Assisting youth to exit homelessness as quickly as possible through various housing venues aims to prevent adverse health impacts that prolonged homeless experiences may have on youth. Rapid re-housing (RRH) is a recent, short-term, less costly housing option than permanent supportive housing that provides temporary housing supports and services to counter homelessness. Although previous literature indicates that youth are likely to achieve stable homelessness exits via RRH, the duration of wait times for youth and potential disparities in RRH waiting periods remain unclear. We used administrative data from 16 communities across the United States (N = 10,920) to gain a greater understanding about RRH wait times among homeless youth. In addition, we adopted a competing risk survival analysis to investigate potential disparities (i.e., race and ethnicity, gender, rurality, sexual orientation, and previous homelessness condition) in RRH wait times while taking into consideration the presence of other homelessness exit options (e.g., permanent supportive housing). Study results indicate that RRH is a common homelessness exit for homeless youth and is prioritized for youth assessed as mid-vulnerability, per commonly accepted assessment measures of youth vulnerability. However, youth who received RRH waited, on average, 131 days following their housing eligibility assessment. Furthermore, being a minor (i.e., 17 years old or younger), experiencing homelessness in rural communities, and lower engagement in homeless services (e.g., emergency shelters and transitional living programs) were all associated with lower probability of exiting into RRH over time, taking into account the possibility of other competing homelessness exits. Expansion of the short-term housing supports offered through RRH may be a promising strategy to counter homelessness among youth in a timely manner. However, such an expansion should also address the potential disparities underlying youths’ wait time to receive RRH in order to reduce prolonged homelessness experiences within this vulnerable population. © 2019, Springer Science+Business Media, LLC, part of Springer Nature.",2019,,J. Prim. Prev.,40,5,529-544,,10.1007/s10935-019-00562-3,,#2015,Hsu 2019,,
"Safety and Effectiveness of Same-Day Chlamydia trachomatis and Neisseria gonorrhoeae Screening and Treatment among Gay, Bisexual, Transgender, and Homeless Youth in Los Angeles, California, and New Orleans, Louisiana","Keizur, E.M.; Goldbeck, C.; Vavala, G.; Romero-Espinoza, A.; Ocasio, M.; Fournier, J.; Lee, S.-J.; Abdalian, S.-E.; Rotheram, M.J.; Klausner, J.D.","Background Gay, bisexual, transgender, and homeless youth are at risk of sexually transmitted infections. As part of an adolescent human immunodeficiency virus prevention study, we provided same-day Chlamydia trachomatis (CT) and Neisseria gonorrhoeae (NG) testing and treatment. We aimed to evaluate the feasibility and effectiveness of same-day CT and NG treatment on the proportion of participants receiving timely treatment. Methods We recruited adolescents with high sexual risk behaviors aged 12 to 24 years from homeless shelters, lesbian, gay, bisexual, and transgender organizations, and community health centers in Los Angeles, California, and New Orleans, Louisiana from May 2017 to June 2019. Initially, participants were offered point-of-care pharyngeal, rectal, and urethral/vaginal CT and NG testing and referral to another clinic for treatment. After March 2018 in Los Angeles and November 2018 in New Orleans, we provided same-day treatment (and partner treatment packs) for study participants. We measured the proportion of participants who received same-day treatment and the median time to treatment. We collected frequency of partner treatment and any reported adverse treatment-related events. Results The proportion of participants receiving same-day CT and NG treatment increased from 3.6% (5/140) to 21.1% (20/95; Δ17.5%; 95% confidence interval, 9.2%-26.9%) after implementation of same-day testing and treatment. The median time to treatment decreased from 18.5 to 3 days. Overall, 36 participants took a total of 48 partner treatment packs. There were no reported treatment-related adverse events. Conclusions Providing sexually transmitted infection treatment to adolescents at the same visit as testing is feasible and safe, and can increase the proportion of individuals receiving timely treatment. © Lippincott Williams & Wilkins.",2020,,Sex. Transm. Dis.,47,1,19-23,,10.1097/OLQ.0000000000001088,,#2023,Keizur 2020,,
HIV/AIDS prevention education: An effective tool for enhancing street children's knowledge and attitude. A randomized controlled trial,"Khezri, M.; Farokhzadian, J.; Nematollahi, M.; Foroughameri, G.; Sharifi, H.","Objective: Street children are vulnerable against HIV because of poverty, lack of family support, adult supervision, social exclusion, lack of access to health services and their special living environment. Required educational program could decrease the danger of transmission of HIV in this group. This study would investigate the effects of HIV prevention educational on street children's attitude and knowledge in the southeast of Iran. Methods: Totally, 60 street children were randomized into the intervention and control groups. Knowledge and attitude of the participants about HIV/AIDS were evaluated. Using two-day meeting, the intervention group received some information on the prevention, diagnosis, care and treatment and wrong and right believes of HIV/AIDS. The control group received nothing about the topic. Children settled in a childcare center by the end of the survey and after 30 days the knowledge and attitude of both groups were evaluated again. Results: The result of the study presented significant increase in street children's attitude and knowledge of intervention group compared to control group and before intervention. Follow-up data collected 1 month later revealed that the children who received the HIV/AIDS intervention subsequently had greater HIV/AIDS knowledge and favorable attitude toward HIV/AIDS. Conclusion: We showed by a two-day educational meeting, the knowledge and attitude of the street children could be improved. This improved knowledge and attitude could protect them against high-risk behaviors. © 2019 Elsevier Ltd",2019,,Child. Youth Serv. Rev.,104,,,,10.1016/j.childyouth.2019.05.028,,#2039,Khezri 2019,,
Featured Counter-Trafficking Program: The Minnesota Runaway Intervention Program,"Gewirtz O'Brien, J.R.; Moynihan, M.; Saewyc, E.; Edinburgh, L.D.","This invited article is one of several comprising part of a special issue of Child Abuse and Neglect focused on child trafficking and health. The purpose of each invited article is to describe a specific program serving trafficked children. Featuring these programs is intended to raise awareness of innovative counter-trafficking strategies emerging worldwide and facilitate collaboration on program development and outcomes research. This article describes the Minnesota Runaway Intervention Program (RIP), a Minneapolis-St. Paul based program dedicated to supporting youth aged 12–17 who have run away and experienced sexual violence, including sexual assault and exploitation. It is a comprehensive, health care focused intervention, embedded within a hospital-based Child Advocacy Center. RIP is developed and led by nurse practitioners who provide services tailored to participants’ diverse needs, including health care, case management services, and a therapeutic empowerment group. © 2019 Elsevier Ltd",2020,,Child Abuse Negl.,100,,,,10.1016/j.chiabu.2019.104141,,#2047,GewirtzO'Brien 2020,,
Surviving in the cracks: a qualitative study with indigenous youth on homelessness and applied community theatre,"Ansloos, J.P.; Wager, A.C.","Indigenous youth are disproportionately impacted by homelessness in Canada. Little is known about Indigenous youths’ lived experiences of homelessness and the dominant methodological orientation in related research uses quantitative research methods. There have been calls for increased engagement in qualitative and arts-based research methods. In this article, we answer this call through exploration of two key issues at the intersection of Indigenous youth, homelessness and arts-based research: (1) theory and (2) method. Using thematic analysis of interviews conducted with youth in an applied community theatre project, this study identifies seven conceptual themes related to youth experiences with homelessness, and nine methodological themes related to decolonizing arts-based research. We explore the entangled relationship of applied community theatre and decolonizing methodologies with youth, considering what is contentious, multifaceted and complex about this relationship. © 2019, © 2019 Informa UK Limited, trading as Taylor & Francis Group.",2020,,Int. J. Qual. Stud. Educ.,33,1,50-65,,10.1080/09518398.2019.1678785,,#2063,Ansloos 2020,,
The experiences of homeless youth when using strengths profiling to identify their character strengths,"Cooley, S.J.; Quinton, M.L.; Holland, M.J.G.; Parry, B.J.; Cumming, J.","Individuals, particularly those considered “hard-to-reach,” often engage well with assessment tools that involve active dialogue and the co-construction of knowledge. Strengths profiling is one such tool that enables a person-centered and autonomy supportive approach to the identification of character strengths. Strength profiling is an adaptation of performance profiling used in sport psychology, which has not yet been utilized in broader psychological research or clinical practice. Supporting an individual by raising awareness of their personal character strengths is an effective and growing mechanism for promoting psychological well-being. Strengths profiling involves several stages of exploring, defining, and assessing character strengths, leading to the identification of signature strengths and goals for future development. Informed by personal construct theory, the present study explored the experiences of homeless young people living in sheltered accommodation (N = 116), when using strengths profiling at the start and end of a 10-week, strengths-based intervention. Mixed-method data was obtained from the strengths profiles, questionnaires measuring resilience, self-worth, and well-being, and diary entries. Findings revealed a rich array of character strength terminology and individual meanings. Participants found strengths profiling to be highly engaging, particularly due to their active role in strength identification, which prompted interesting and meaningful reflections on character strengths that were pertinent to them. Participants felt their signature strengths were vital protective factors within their lives and strengths profiles were correlated with resilience, self-worth, and well-being. Character strengths and resilience were also significantly and meaningfully improved pre/post-intervention, providing support for the use of strengths profiling as a tool for monitoring change in character strength perceptions. Overall, this study demonstrates the utility and versatility of strengths profiling as a new method in the discipline of positive psychology and strengths-based research and applied practice. © 2019 Cooley, Quinton, Holland, Parry and Cumming.",2019,,Front. Psychol.,10,SEP,,,10.3389/fpsyg.2019.02036,,#2085,Cooley 2019,,
"Positive Youth Development: Developing, Implementing, and Sustaining Music-Based Services for Emerging Adults Experiencing Homelessness","Kelly, B.L.","Research suggests that comprehensive services that consider the complex and interconnected needs of emerging adults experiencing homelessness may be more effective than interventions with a singular focus. There is little research that demonstrates how agencies that implement programs for individuals experiencing homelessness develop and sustain meaningful services for emerging adults, especially under conditions of increasing austerity. This study targets this gap in the literature by investigating how one transitional living program for emerging adults experiencing homelessness developed a music studio. Specifically, this study examines the factors and processes that were involved in developing, implementing, and sustaining the music studio. Findings suggest an ongoing organizational commitment to Positive Youth Development plays an important role. © 2018 Society for the Study of Emerging Adulthood and SAGE Publishing.",2019,,Emerg. Adulthood,7,5,331-341,,10.1177/2167696818777347,,#2094,Kelly 2019,,
Optimal and non-discriminative rehabilitation program design for opioid addiction among homeless youth,"Yadav, A.; Singh, R.; Siapoutis, N.; Barman-Adhikari, A.; Liang, Y.","This paper presents CORTA, a software agent that designs personalized rehabilitation programs for homeless youth suffering from opioid addiction. Many rehabilitation centers treat opioid addiction in homeless youth by prescribing rehabilitation programs which are tailored to the underlying causes of addiction. To date, rehabilitation centers have relied on ad-hoc assessments and unprincipled heuristics to deliver rehabilitation programs to homeless youth suffering from opioid addiction, which greatly undermines the effectiveness of the delivered programs. CORTA addresses these challenges via three novel contributions. First, CORTA utilizes a first-of-its-kind real-world dataset collected from ~1400 homeless youth to build causal inference models which predict the likelihood of opioid addiction among these youth. Second, utilizing counterfactual predictions generated by our causal inference models, CORTA solves novel optimization formulations to assign appropriate rehabilitation programs to the correct set of homeless youth in order to minimize the expected number of homeless youth suffering from opioid addiction. Third, we provide a rigorous experimental analysis of CORTA along different dimensions, e.g., importance of causal modeling, importance of optimization, and impact of incorporating fairness considerations, etc. Our simulation results show that CORTA outperforms baselines by ~110% in minimizing the number of homeless youth suffering from opioid addiction. © 2020 Inst. Sci. inf., Univ. Defence in Belgrade. All rights reserved.",2020,,IJCAI International Joint Conference on Artificial Intelligence,2021-January,,4389-4395,,,,#2102,Yadav 2020,,
"Youth Matters: Philly (YMP): Development, usability, usefulness, & accessibility of a mobile web-based app for homeless and unstably housed youth","Greeson, J.K.P.; Treglia, D.; Morones, S.; Hopkins, M.; Mikell, D.","Background: Young people experiencing homelessness accounted for about 7% of the total homeless population in the United States in 2018. These young people are among the most marginalized youth populations and face numerous hardships. Accessing and connecting with provider organizations is challenging for these young people for myriad reasons related to their marginalization and vulnerability. As a result, homeless and unstably housed youth exhibit low rates of health and social service utilization, despite high rates of need. Objectives: (1) To document the development of a mobile web-based app called Youth Matters: Philly (YMP) for young people experiencing homelessness or unstable housing that is designed to help them search, identify, locate, and utilize Philadelphia-based social and health services; and, (2) To explore youth's perceptions of the usability, usefulness, and accessibility of YMP. Methods: We used the Mobile App Rating Scale (MARS) to assess young people's perceptions of YMP's usability, usefulness, and accessibility. Ten young people who either were currently experiencing homelessness/unstable housing or recently had experienced such hardship participated in the study. During a two-week window, participants logged onto YMP at least three times and searched for resources. They then completed the MARS. Participants were between the ages of 18 and 25 years old (M = 21.5 years; SD = 2.3 years), mostly female (67%), and mostly black/African American (67%). Thirty percent identified as Hispanic/Latinx. All had spent time in foster care and aged out, with an average length of 8.1 years in care (SD = 4.0 years). We used Qualtrics to collect all data and descriptive statistics to analyze all data in SPSS. Results: The mean scores on the subscales of the MARS (Engagement, Functionality, Aesthetics, and Information) ranged from 3.60 (Aesthetics) to 3.98 (Functionality; Information) out of 5. The mean score for overall Quality was 3.47 (out of 5). We also asked a set of questions specific to YMP to assess perceived impact of the app on the respondents’ awareness, knowledge, attitudes, help seeking, and behavior change related to experiencing homelessness and unstable housing. For all questions, at minimum, all participants “somewhat agreed.” Conclusions: YMP is a promising way to increase engagement and overcome barriers to accessing services for youth experiencing homelessness or unstable housing. Findings offer insights into ways to improve future versions of YMP. YMP also offers a model for other localities committed to improving access to services for young people experiencing homelessness or unstable housing. Future research directions for YMP and similar technology are discussed. © 2019 Elsevier Ltd",2020,,Child. Youth Serv. Rev.,108,,,,10.1016/j.childyouth.2019.104586,,#2113,Greeson 2020,,
Navigating peer-influences in a large youth homeless shelter in North America,"Alschech, J.; Taiwo-Hanna, T.; Shier, M.L.","Background: This study explored how youth who reside in a large youth homeless shelter in North America view and navigate peer-influences in the shelter. Research shows that peer influences in the lives of youth experiencing homelessness are both a risk factor and a protective factor. In order to inform the development of shelter policies and interventions that reduce and contain peer influences that put the residents at risk while cultivating peer support and cohesion, a better understanding of the residents’ views and insights regarding peer-influences is needed. Methods: Interviews (n = 27) were conducted with residents (aged 18–24) of a youth homeless shelter. Following a semi-structured open-ended interview guide, respondents were asked questions related to program outcomes and their experiences within the shelter that support those outcomes. One dominant factor emerging from the interview data analysis was the central role played by peer relationships and influences. Results: The residents described the shelter as housing two kinds of peer interactions. Perceived as positive peers’ influences were described as pivotal for successfully transitioning into stable, sustainable housing. Perceived as negative peer influences, on the other hand, were described as a significant risk for one's wellbeing and trajectory. The interviewees disclosed strategies for navigating peer influences in the shelter, such as withdrawing from any social involvement with the other residents or only allowing for shallow ephemeral friendships, as well as some of the challenges involved, such as the difficulty to sever relationships with peers one came to perceive as negative. © 2019 Elsevier Ltd",2020,,Child. Youth Serv. Rev.,108,,,,10.1016/j.childyouth.2019.104665,,#2129,Alschech 2020,,
Elements of a College Support Program That Matter: A Case Study,"Huang, H.; Fernandez, S.B.; Rhoden, M.-A.; Joseph, R.",Purpose: This study focuses on a campus support program that serves former child welfare and homeless youth. This study aims to identify the program elements that help students transition into and succeed in college. Method: This study uses a mixed-method approach. Quantitative data included administrative and survey data of 50 students. Bivariate and multivariate analyses were used to examine the effects of early engagement on students’ grade point averages (GPAs). Qualitative data were collected from interviews with 17 students. Thematic content analysis was used to identify themes from the qualitative data. Results: Quantitative data showed positive effects of early engagement on students’ GPAs. Qualitative data showed that students perceived that the campus support program helped them transition into and success in college. Conclusions: Future programs should emphasize providing academic and financial services and engaging students as soon as or even before they enroll into college. © The Author(s) 2019.,2019,,Res. Soc. Work Pract.,29,8,949-960,,10.1177/1049731519832105,,#2139,Huang 2019,,
“She was there through the whole process:” Exploring how homeless youth access and select birth control,"Kachingwe, O.N.; Anderson, K.; Houser, C.; Fleishman, J.L.; Novick, J.G.; Phillips, D.R.; Aparicio, E.M.","Homeless female adolescents in the United States have disproportionately high rates of pregnancy compared to general population youth. Little is known about how homeless youth decide whether to use birth control and which birth control method to select. The current study explores how homeless female youth participating in a holistic sexual health program called Wahine (“woman”) Talk experience this process, using data from in-depth interviews (N = 3) with 11 homeless adolescent girls. Data were analyzed using Interpretative Phenomenological Analysis, proceeding through reading and re-reading, initial noting, forming emergent and super-ordinate themes, repeating steps for each interview, and developing final themes and subthemes. Four final themes emerged, which, for most participants, were experienced sequentially: Getting Acclimated, Becoming Close and Building Trust, Addressing Fear, and Making the Choice. Study findings suggest that for homeless female youth, basic needs and relationship building must be addressed prior to the delivery of trauma-informed birth control-related content and effective linkage to (sexual) healthcare. Implications for practice, policy, and future research are discussed. © 2019 Elsevier Ltd",2019,,Child. Youth Serv. Rev.,101,,277-284,,10.1016/j.childyouth.2019.04.012,,#2161,Kachingwe 2019,,
"Understanding Organizations Serving Runaway and Homeless Youth: A Multi-setting, Multi-perspective Qualitative Exploration","Gwadz, M.; Freeman, R.; Leonard, N.R.; Kutnick, A.; Silverman, E.; Ritchie, A.; Bolas, J.; Cleland, C.M.; Tabac, L.; Hirsch, M.; Powlovich, J.","Runaway and homeless youth (RHY) are dependent on the specialized settings that locate, engage, and serve them. Yet, little research has focused on the features of effective settings for RHY. The present qualitative study, grounded in the Youth Program Quality Assessment model, explored characteristics of higher quality organizations for RHY and gaps that remain from staff and RHY perspectives. A total of 29 diverse settings serving RHY in New York State were randomly selected for participation, and ranked on a quantitative program quality index. Within settings, we conducted in-depth semi-structured interviews with program administrators (N = 30) and other staff (N = 24). Focus group interviews were conducted with RHY (N = 13 focus groups; N = 84 RHY). Data were analyzed using a systematic content analysis approach that was both theory-driven and inductive, comparing higher to lower quality settings. We found all settings provided vital services and experienced challenges, but higher quality settings ameliorated challenges through (1) a youth-centered program philosophy equally understood by staff and RHY; (2) developmentally appropriate relationships between staff and RHY that promoted autonomy; (3) a focus on short- and long-term goals within anticipated crises; and (4) ongoing internal quality assessment procedures. Within lower quality settings we found (1) difficulties retaining effective staff and (2) a primary focus on basic services and managing crises, but less attention to emotional support, exacerbated by (3) funding and other challenges emerging from the larger environment. The present study extends the literature on organizations for RHY by identifying characteristics of higher quality settings, and challenges that remain. © 2018, Springer Science+Business Media, LLC, part of Springer Nature.",2019,,Child Adolesc. Soc. Work J.,36,2,201-217,,10.1007/s10560-018-0563-3,,#2240,Gwadz 2019,,
Sexual Health Services for Homeless Youth: A Qualitative Analysis of their Experiences,"Côté, P.-B.","The sexual health problems experienced by homeless youth bring into question their use of available sexual health services. Using a qualitative typological analysis, this study aims to identify sexual health services utilization profiles for homeless youth, and to understand the role of the homeless experience on the utilization of sexual health services. Individual interviews were conducted with 33 homeless youth (17 men, 16 women) between 18 and 25 years of age. Typological analysis identified four profiles: (1) a targeted use of sexual health services to determine one’s serological status following a relational change during the homeless experience; (2) a limited use of sexual health services to manage sexual emergencies that arise during the homeless experience; (3) a regular use of sexual health services to avoid the risks associated with the homeless experience; (4) a frequent use of sexual health services to obtain support when engaging in prostitution during the homeless experience. This study shows that the precarious and unstable conditions within the homeless experience incite youth to utilize sexual health services in different ways. These findings point to the importance of rethinking sexual health services to better adapt them to the different utilization profiles of homeless youth. © 2018, © 2018 Taylor & Francis Group, LLC.",2019,,J. Soc. Serv. Res.,45,3,429-443,,10.1080/01488376.2018.1480568,,#2266,Côté 2019,,
A mobile phone–based intervention to improve mental health among homeless young adults: Pilot feasibility trial,"Schueller, S.M.; Glover, A.C.; Rufa, A.K.; Dowdle, C.L.; Gross, G.D.; Karnik, N.S.; Zalta, A.K.","Background: Youth homelessness is a substantial issue, and many youths experiencing homelessness have mental health issues as both a cause and consequence of homelessness. These youths face many barriers to receiving traditional mental health services, and as a result, only a few youths experiencing homelessness receive any form of mental health care. Objective: This project aimed to develop and determine the feasibility and acceptability of engaging young adults (ie, individuals aged 18-24 years) experiencing homelessness in a remotely delivered mental health intervention. This intervention provided brief emotional support and coping skills, drawing from cognitive behavioral principles as an introduction into psychosocial support. The intervention was piloted in a homeless shelter network. Methods: A total of 35 young adults experiencing homelessness participated in a single-arm feasibility pilot trial. Participants received a mobile phone, a service and data plan, and 1 month of support from a coach consisting of up to 3 brief phone sessions, text messaging, and mobile mental health apps. We evaluated feasibility by looking at completion of sessions as well as the overall program and acceptability with satisfaction ratings. We also collected clinical symptoms at baseline and the end of the 1-month support period. We used validity items to identify participants who might be responding inappropriately and thus only report satisfaction ratings and clinical outcomes from valid responses. Results: Most participants (20/35, 57%) completed all 3 of their phone sessions, with an average of 2.09 sessions (SD 1.22) completed by each participant. Participants sent an average of 15.06 text messages (SD 12.62) and received an average of 19.34 messages (SD 12.70). We found higher rates of satisfaction among the participants with valid responses, with 100% (23/23) of such participants indicating that they would recommend participation to someone else and 52% (12/23) reporting that they were very or extremely satisfied with their participation. We found very little change from pre- to posttreatment on measures of depression (d=0.27), post-traumatic stress disorder (d=0.17), and emotion regulation (d=0.10). Conclusions: This study demonstrated that it was feasible to engage homeless young adults in mental health services in this technology-based intervention with high rates of satisfaction. We did not find changes in clinical outcomes; however, we had a small sample size and a brief intervention. Technology might be an important avenue to reach young adults experiencing homelessness, but additional work could explore proper interventions to deliver with such a platform. © 2017, JMIR Publications. All rights reserved.",2019,,JMIR mHealth uHealth,7,7,,,10.2196/12347,,#2273,Schueller 2019,,
How to help homeless youth suffering from first episode psychosis and substance use disorders? The creation of a new intensive outreach intervention team,"Doré-Gauthier, V.; Côté, H.; Jutras-Aswad, D.; Ouellet-Plamondon, C.; Abdel-Baki, A.","In Canada, about 6,000 youth are homeless every night, many of whom suffer from addiction and psychotic disorders. To facilitate the exit out of homelessness, access to care and to improve psychosis and addiction outcomes, a new intensive outreach intervention team (EQIIP SOL) was created in Montreal (2012). It offers intensive outreach services dedicated to homeless youth suffering from first episode psychosis and addiction (HYFEPA) in addition to an early psychosis intervention service (EIS) in collaboration with the Addiction Psychiatry Unit. Our aim is to describe the characteristics, clinical, functional and housing outcomes of HYFEPA followed by EQIIP SOL. This two years long prospective longitudinal study with all HYFEPA (n = 42) admitted to EQIIP SOL between 2012–2015 reports at multiple time points, clinical (CGI, GAF), functional (SOFAS, work/study, housing autonomy) and substance use disorder (DUS, AUS) outcomes and acute services use (hospitalizations, emergency room visits). We observed that, at baseline, HYFEPA showed poor prognostic factors (eg. cluster B personality, substance use disorders, legal problems, childhood trauma and lower education level). The majority reached housing stability after 6 months and their functioning and illness severity improved with time. This suggests that HYFEPA improve with an intensive outreach intervention team integrated to an EIS. © 2019",2019,,Psychiatry Res.,273,,603-612,,10.1016/j.psychres.2019.01.076,,#2276,Doré-Gauthier 2019,,
"Improving mental health services for homeless youth in downtown Montreal, Canada: Partnership between a local network and ACCESS Esprits ouverts (Open Minds), a National Services Transformation Research Initiative","Abdel-Baki, A.; Aubin, D.; Morisseau-Guillot, R.; Lal, S.; Dupont, M.-È.; Bauco, P.; Shah, J.L.; Joober, R.; Boksa, P.; Malla, A.; Iyer, S.N.","Aim: In many parts of the world, there is growing concern about youth homelessness. Homeless youth are particularly vulnerable to psychological distress, substance use and mental disorders, and premature mortality caused by suicide and drug overdose. However, their access to and use of mental health care is very limited. Methods: The Réseau d'intervention de proximité auprès des jeunes (RIPAJ), a Montreal network of over 20 community stakeholders providing a wide array of cohesive services, was created to ease homeless youth's access to mental health and psychosocial services. Its philosophy is that there should be no “wrong door” or “wrong timing” for youth seeking help. In 2014, the network partnered with the pan-Canadian transformational research initiative, ACCESS Esprits ouverts. Results: Created through this partnership, ACCESS Esprits ouverts RIPAJ has been promoting early identification through outreach activities targeting homeless youth and agencies that serve them. An ACCESS Clinician was hired to promote and rapidly respond to help-seeking and referrals. By strengthening connections within RIPAJ and using system navigation, the site is working to facilitate youth's access to timely appropriate care and eliminate age-based transitions between services. A notable feature of our program, that is not usually evident in homelessness services, has been the engagement of the youth in service planning and design and the encouragement of contact with families and/or friends. Conclusion: Challenges remain including eliminating any remaining age-related transitions of care between adolescent and adult services; and the sustainability of services transformation and network coordination. Nonetheless, this program serves as an example of an innovative, much-needed, community-oriented model for improving access to mental health care for homeless youth. © 2019 The Authors Early Intervention in Psychiatry Published by John Wiley & Sons Australia, Ltd",2019,,Early Intervent. Psychiatry,13,S1,20-28,,10.1111/eip.12814,,#2292,Abdel-Baki 2019,,
Utilization and Perceptions of Drop-in Center Services Among Youth Experiencing Homelessness,"Parast, L.; Tucker, J.S.; Pedersen, E.R.; Klein, D.","Drop-in centers offer a range of services to assist unaccompanied youth experiencing homelessness, but little is known about their perceptions of drop-in centers or use of different services. A random sample of 273 youth experiencing homelessness in the Los Angeles area who had ever used a drop-in center was surveyed. Most youth heard about local drop-in centers from peers (65.1%). They generally reported positive perceptions of the drop-in center environment, staff, and clients; overall, 57.8% were “very” or “extremely” satisfied with the services they had received. Nearly all youth cited basic services (e.g., food, showers, clothes) as a reason they went to drop-in centers; far fewer reported going to obtain higher-level services (e.g., case management). Perceptions and utilization did not differ by sexual orientation; however, non-white youth were more likely than Whites to use drop-in centers for certain higher-level services. Strategies for engaging youth in drop-in center services are discussed. © 2018, This is a U.S. government work and its text is not subject to copyright protection in the United States; however, its text may be subject to foreign copyright protection.",2019,,J. Behav. Health Serv. Res.,46,2,234-248,,10.1007/s11414-018-9632-9,,#2295,Parast 2019,,
Knowledge and Attitudes About Pre-Exposure Prophylaxis Among Young Adults Experiencing Homelessness in Seven U.S. Cities,"Santa Maria, D.; Flash, C.A.; Narendorf, S.; Barman-Adhikari, A.; Petering, R.; Hsu, H.-T.; Shelton, J.; Bender, K.; Ferguson, K.","Purpose: Evidence suggests that young adults experiencing homelessness (YEH) are at elevated risk of HIV compared to housed youth. Given the limited research on pre-exposure prophylaxis (PrEP) awareness among YEH, this study examined their PrEP knowledge and attitudes. Methods: Data from a cross-sectional survey among YEH (ages 18–26) (n = 1,427) in seven U.S. cities were used to assess their knowledge and attitudes regarding PrEP to inform HIV prevention efforts. Results: Participants were primarily male youth of color. The mean age was 20.9years. While 66% felt at risk for HIV, only 14% strongly agreed that they try to protect themselves from getting infected with HIV. Most (84%) were eligible for PrEP based on risk, yet only 29% had knowledge of PrEP. Despite this, 59% reported they were likely/extremely likely to take PrEP. Access to free PrEP (55%), HIV testing (72%), healthcare (68%), and one-on-one (62%), and text messaging support (57%) were rated as very/extremely important for PrEP uptake and adherence. Conclusions: The results of this study suggest missed opportunities to prevent new HIV infections among YEH. Efforts to increase PrEP uptake among this population should consider provider- and system-level interventions to increase PrEP awareness, decrease PrEP-associated healthcare costs, improve access to PrEP providers, and provide in-person and text messaging support. © 2018 Society for Adolescent Health and Medicine",2019,,J. Adolesc. Health,64,5,574-580,,10.1016/j.jadohealth.2018.06.023,,#2298,SantaMaria 2019,,
"A nurse practitioner-led intervention for runaway adolescents who have been sexually assaulted or sexually exploited: Effects on trauma symptoms, suicidality, and self-injury","Bounds, D.T.; Edinburgh, L.D.; Fogg, L.F.; Saeywc, E.M.","Background: Adolescent victims of sexual assault and exploitation suffer significant mental health distress including PTSD, self-harm, suicidal ideation, and attempts. Objective: This longitudinal observational study investigated the Runaway Intervention Program's influence on trauma responses at 3, 6, and 12 months for adolescents who have run away at least once and have been sexually assaulted or exploited. Participants: Runaways (n = 362) received nurse practitioner (NP) home and community visits, intensive case management, and optional empowerment groups. Setting: An urban Midwestern city's hospital-based Children's Advocacy Center. Methods: Trauma responses were measured by the UCLA PTSD-RI index, past 30 days emotional distress scale, and self-harm, suicidal ideation, and suicide attempt questions. Repeated Measures ANOVA assessed trauma response changes over time. Growth curve analyses using intervention doses determined which aspects of the intervention predicted change. Results: From program entry to 3 and 6 months, mean values decreased significantly for emotional distress (−0.67, −.91) self-harm (−.30, −.55), suicidal ideation (−.45, −.57), suicide attempts (−.58, −.61), and trauma symptoms (−11.8, −16.2, all p <.001) all maintained at 12 months. In growth curve models, NP visits independently predicted declines in emotional distress (−.038), self-injury (−.020), suicidal ideation (−.025) and attempts (−.032), while empowerment groups predicted trauma symptoms (−.525) and all others except suicide attempts. Conclusions: The program, especially NP community visits and empowerment group elements, decreased trauma responses in runaway youth with a history of sexual assault. Given high rates of PTSD and emotional distress among runaways, the Runaway Intervention Program offers promise for improving mental health outcomes. © 2019 Elsevier Ltd",2019,,Child Abuse Negl.,90,,99-107,,10.1016/j.chiabu.2019.01.023,,#2310,Bounds 2019,,
Implications for prep uptake in young adults experiencing homelessness: A mixed methods study,"Maria, D.S.; Gallardo, K.R.; Narendorf, S.; Petering, R.; Barman-Adhikari, A.; Flash, C.; Hsu, H.-T.; Shelton, J.; Ferguson, K.; Bender, K.","Youth experiencing homelessness (YEH) have a high risk of contracting HIV; however, they remain relatively unreached by pre-exposure prophylaxis (PrEP)-based HIV prevention initiatives. We used a cross-sectional mixed-methods study to explore PrEP knowledge, interest, facilitators, and barriers among YEH. Young adults were recruited from agencies serving YEH in Houston, TX (n = 30) and Los Angeles, CA (n = 15) to participate in an electronic self-report survey and a semistructured interview. Survey results indicate that 68.2% of YEH had low or no prior knowledge of PrEP, though 63.7% reported interest in taking PrEP. Qualitative results revealed facilitators of PrEP use, including high PrEP acceptability and awareness, and supportive social networks. Several barriers emerged, including medication-related barriers, adherence, cost, access barriers, low perceived HIV risk, perceived stigma of PrEP use, and low PrEP awareness. Despite high PrEP acceptability, PrEP use among YEH remains low partly due to low PrEP awareness, low perceived HIV risk, and medical mistrust. © 2019 The Guilford Press.",2019,,AIDS Educ. Prev.,31,1,63-81,,10.1521/aeap.2019.31.1.63,,#2323,Maria 2019,,
More than just a seat at the table: the power of youth voice in ending youth homelessness in the United States,"Schoenfeld, E.A.; Bennett, K.; Manganella, K.; Kemp, G.","Each year, over 600 youth under the age of 25 experience literal homelessness in Austin, Texas. Of these youth, 76% have a history of involvement with foster care or the juvenile justice system—far exceeding the rates of system involvement observed among homeless youth in other large communities in the United States (approximately 54%; Voices of Youth Count, 2017). Recently, Austin was selected by the U.S. Department of Housing & Urban Development as one of ten communities nationwide to participate in the Youth Homelessness Demonstration Program (YHDP), a federal initiative designed to effectively end youth homelessness by 2020. Youth with lived experience are central players in the development and implementation of Austin's response to the youth homelessness crisis. A group of twelve of these youth (the “Austin Youth Collective to End Youth Homelessness,” or AYC) serve as key decision-making partners within the Austin YHDP team. Representatives of the AYC are deeply involved at every level of the community planning process, from the development of youth-centric housing options to system redesign efforts to ensure that youth do not exit the foster care or juvenile justice systems to homelessness. The article provides an overview of the development and contributions of the AYC—including their programmatic recommendations and advocacy work—as well as key recommendations for communities looking to leverage youth voice at the systems level. © 2018, © 2018 The Child Care in Practice Group.",2019,,Child Care Pract.,25,1,112-125,,10.1080/13575279.2018.1521376,,#2376,Schoenfeld 2019,,
More than four walls and a roof needed: A complex tertiary prevention approach for recently homeless youth,"Kidd, S.A.; Vitopoulos, N.; Frederick, T.; Leon, S.; Karabanow, J.; McKenzie, K.","This article examines the feasibility of a complex intervention designed to facilitate the transition of youth out of homelessness. It is intended to contribute to efforts to build out the youth homelessness intervention literature, which is underdeveloped relative to descriptive characterizations of risk. The 6-month intervention examined here, referred to as the Housing Outreach Program Collaboration (HOP-C), is comprised of transitional outreach-based case management, individual and group mental health supports, and peer support. The intervention was delivered through a multiagency, interdisciplinary collaboration. Feasibility was assessed using a mixed methods design that included prepost intervention metrics and the study site was a large Canadian urban center. A total of 31 youth participated in the study with 28 completing the intervention. Overall, implementation and youth engagement was successful though patterns and intensity of engagement were quite variable. While prepost, self-report metrics improved modestly, substantial gains were observed in employment, education, and mental health service connectedness. Qualitative themes focused on the benefits of a flexible, multicomponent approach, close attention to seamless delivery and common factors, and supporting youth in the balance of isolation versus independence. These findings suggested that this tertiary prevention approach is feasible and warrants further investigation. © 2018 Global Alliance for Behavioral Health and Social Justice.",2019,,Am. J. Orthopsychiatry,89,2,248-257,,10.1037/ort0000335,,#2415,Kidd 2019,,
The Effect of a Resilience Enhancement Programme for Female Runaway Youths: A Quasi-Experimental Study,"Noh, D.","The effects of a resilience enhancement programme on resilience, depression, anxiety, and problem drinking among female runaway youths living in shelters were evaluated. Participants were 32 youths (16 experimental and 16 control participants), assessed at pre-test, post-test, and one-month follow-up. The programme incorporated five protective factors associated with resilience: self-esteem, self-regulation, relational skills, problem-solving skills, and goal-setting skills. There were significant group-by-time interaction effects for resilience, anxiety, and problem drinking at one-month follow-up. The preliminary results suggest that providing female runaway youths with this programme focusing on protective factors may enhance resilience and mitigate anxiety, and problem drinking. © 2018, © 2018 Taylor & Francis Group, LLC.",2018,,Issues Ment. Health Nurs.,39,9,764-772,,10.1080/01612840.2018.1462871,,#2427,Noh 2018,,
Development of a complex tertiary prevention intervention for the transition out of youth homelessness,"Vitopoulos, N.A.; Frederick, T.J.; Leon, S.; Daley, M.; McDonald, C.; Morales, S.; Cerswell Kielburger, L.; Cohen, S.; Eacott, K.; Howes, C.; Gutierrez, R.; McGavin, K.; Peters, K.; Vanderheul, J.; McKenzie, K.; Kidd, S.A.","This paper describes the process of design, development, and implementation of a complex, multi-component, tertiary prevention intervention aimed at stabilizing pathways out of homelessness, the Housing Outreach Project-Collaborative (HOP-C). HOP-C is a multi-organizational, cross-sector, inter-professional collaboration. This process-oriented paper aims to elucidate the rationale for and experience of implementing the three main components of HOP-C: case management, mental health treatment and peer support, as well as the processes that support this wrap-around intervention as a whole. This paper draws on qualitative process-oriented data (i.e. field notes and interviews with staff) collected over the course of the intervention, and integrates perspectives from multiple practitioners involved in this endeavour. Practitioners reported the diversity in the type and intensity of services offered to clients, the building of a close and communicative interprofessional and inter-agency team, as well as the development of broader connectivity between organizations and practitioners as significant strengths of this approach. Challenges and successes in implementation are explored with the intention of providing insight into ways in which other collaborative complex interventions might be approached in the youth homelessness sector. © 2018 Elsevier Ltd",2018,,Child. Youth Serv. Rev.,94,,579-588,,10.1016/j.childyouth.2018.08.038,,#2447,Vitopoulos 2018,,
From empirical analysis to public policy: evaluating housing systems for homeless youth,"Chan, H.; Rice, E.; Vayanos, P.; Tambe, M.; Morton, M.","There are nearly 2 million homeless youth in the United States each year. Coordinated entry systems are being used to provide homeless youth with housing assistance across the nation. Despite these efforts, the number of youth still homeless or unstably housed remains very high. Motivated by this fact, we initiate a first study to understand and analyze the current governmental housing systems for homeless youth. In this paper, we aim to provide answers to the following questions: (1) What is the current governmental housing system for assigning homeless youth to different housing assistance? (2) Can we infer the current assignment guidelines of the local housing communities? (3) What is the result and outcome of the current assignment process? (4) Can we predict whether the youth will be homeless after receiving the housing assistance? To answer these questions, we first provide an overview of the current housing systems. Next, we use simple and interpretable machine learning tools to infer the decision rules of the local communities and evaluate the outcomes of such assignment. We then determine whether the vulnerability features/rubrics can be used to predict youth’s homelessness status after receiving housing assistance. Finally, we discuss the policy recommendations from our study for the local communities and the U.S. Housing and Urban Development (HUD). © 2019, Springer Nature Switzerland AG.",2019,,Lecture Notes in Computer Science (including subseries Lecture Notes in Artificial Intelligence and Lecture Notes in Bioinformatics),11053 LNAI,,69-85,,10.1007/978-3-030-10997-4_5,,#2458,Chan 2019,,
Intervention Fidelity and Facilitator Training,"Rew, L.; Banner, M.; Johnson, K.; Slesnick, N.","Intervention fidelity is an ongoing concern for rigorous research, from the initial stages of planning and study design to the maintenance of internal validity. An added concern is the balance between fidelity and design accommodation to better suit varied populations and individuals. In this article, we describe our process for monitoring intervention fidelity during an individualized, yet standardized, strengths-based intervention with homeless youths, in which we include periodic training of our professional intervention facilitators. In our ongoing study, which is based on a Solomon four-group design with repeated measures, monitoring and training are essential to ensure intervention fidelity. Despite a rich literature about intervention fidelity, little guidance is available to help researchers and practitioners implement fidelity strategies in the real world with vulnerable populations. This article addresses this gap. © The Author(s) 2018.",2018,,West. J. Nurs. Res.,40,12,1843-1860,,10.1177/0193945917752092,,#2460,Rew 2018,,
Evaluation of a community based dental clinic for youth experiencing homelessness in Brisbane,"Stormon, N.; Pateman, K.; Smith, P.; Callander, A.; Ford, P.J.","The relationship between homelessness and ill health is complex, and many risk factors for homelessness such as unemployment, low income, and substance abuse are also risk factors for poor oral health. In order to overcome barriers to access dental care, previous studies have recommended integrating dental care, referral pathways, and information within the overall care provided by support services available to people at risk of homelessness. This study aimed to evaluate a dental service developed and implemented to improve access to oral health care of disadvantaged youth in Brisbane. A mobile dental clinic run by volunteer dental professionals was implemented into a community organisation for disadvantaged youth. Participants were clients of Brisbane Youth Services who were disadvantaged youth, ≤25 years and attended the dental clinic in a 1 year period. A questionnaire collected demographic information, a self-assessment of oral health and an evaluation of their experiences with the dental clinic. Clinical data including DMFT, appointment attendance and items of service provided were collected. One hundred and twelve clients participated in the four dental clinic weeks and its evaluation. Cost was the greatest reported barrier to accessing dental care among participants. More than half (57%) of participants who pre-booked an appointment failed to attend. A total of 640 services were delivered, with an estimated value of $48,000. The majority (69%, n = 444) of the services provided were preventative services. Almost all of the clients felt the service they received was suitable for them (97%, n = 98) and would use the service again (98%, n = 99). This dental clinic model is feasible and sustainable due to its integration into an existing homeless youth service, low running costs, acceptability to clients and an interest by dental practitioners to volunteer. It provides a useful model which could be scaled up and implemented in other regions. © 2018 John Wiley & Sons Ltd",2019,,Health Soc. Care Community,27,1,241-248,,10.1111/hsc.12644,,#2465,Stormon 2019,,
What would we use and how would we use it? Can digital technology be used to both enhance and evaluate well-being outcomes with highly vulnerable and disadvantaged young people?,"Vichta, R.; Gwinner, K.; Collyer, B.","An increasing number of technology apps for managing wellbeing and mental health are permeating young people’s use of digital spaces. There are a range of online wellbeing tools which have been developed to promote self-tracking and build young people’s wellbeing and mental health, for example, Optimism, My Mood Tracker and Strava. Tracking outcomes of support with highly transient young people is, more broadly, a particular challenge for youth workers, evaluators and social researchers. Using digital apps to promote as well as monitor wellbeing with tech-savvy young people is an enticing prospect for youth support services, particularly with young people whose engagement with support is sporadic and unpredictable during periods of homelessness or other crisis situations. The use of purpose-designed digital apps may have the potential to not only benefit young people’s mental health and wellbeing, but also enhance the consistency and quality of their connection with support services. In principle, putting wellbeing digital tools directly into the hands, and phones, of young people who are accessing support services seems to make good sense. A great number of online resources have, however, relatively limited uptake in highly vulnerable youth populations. The design starting point must therefore be, what would they use and how would they use it? How can digital apps help to promote stronger support engagement, be aligned with young people’s perspectives and priorities of wellbeing, and enable better outcomes evaluation? This article shares learnings from a consultation with more than 400 young youth service users to build better understanding of their relationships with digital technologies, what they would use and how they would use it to better connect with support as well as to promote and record changes in wellbeing over time. Exploring the young people’s perspectives on wellbeing, service delivery and use of digital technologies has broad implications for the integration of digital technology into both service delivery and evaluation of youth programmes. The findings suggest that digital platforms can play a role in evaluating youth wellbeing over time. The prerequisites, are however, that young people’s autonomy and individuality must be supported. We need to start from a place that facilitates agency and creativity, and focuses on capturing qualitative data that meet young people in their world – even when this is challenging for us. © The Author(s) 2018.",2018,,Eval.  J.  Australasia,18,4,222-233,,10.1177/1035719X18804638,,#2511,Vichta 2018,,
Utilizing Housing Resources for Homeless Youth Through the Lens of Multiple Multi-Dimensional Knapsacks,"Chan, H.; Tran-Thanh, L.; Wilder, B.; Rice, E.; Vayanos, P.; Tambe, M.","There are over 1 million homeless youth in the U.S. each year. To reduce homelessness, U.S. Housing and Urban Development (HUD) and housing communities provide housing programs/services to homeless youth with the goal of improving their long-term situation. Housing communities are facing a difficult task of filling their housing programs, with as many youths as possible, subject to resource constraints for meeting the needs of youth. Currently, the assignment is manually done by humans working in the housing communities. In this paper, we consider the problem of assigning homeless youth to housing programs subject to resource constraints. We provide an initial abstract model for this setting and show that the problem of maximizing the total assigned youth to the programs under this model is APX-hard. To solve the problem, we non-trivially formulate it as a multiple multi-dimensional knapsack problem (MMDKP), which is not known to have any approximation algorithm. We provide a first interpretable and easy-to-use greedy algorithm with logarithmic approximation ratio for solving general MMDKP. We conduct experiments on random and realistic instances of the housing assignment settings and show that our algorithm is efficient and effective in solving large instances (up to 1 million youth). © 2018 ACM.",2018,,"AIES 2018 - Proceedings of the 2018 AAAI/ACM Conference on AI, Ethics, and Society",,,41-47,,10.1145/3278721.3278757,,#2513,Chan 2018,,
Under a temporary roof and in the classroom: Service agencies for youth who are homeless while enrolled in community college,"Crutchfield, R.M.","Youth experiencing homelessness are part of the large, diverse student population served by community colleges in the United States. These students, who are often unsupported in college environments, turn to housing agencies to provide critical resources. This qualitative study included interviews with 20 students, ages 18–24, attending community college while homeless. Students in this study accessed critical services and social supports in homeless service agencies; however, the requirements of some agency policies were a barrier to reaching academic goals. Housing agencies provided participants with necessary resources; however, participants described facing unique obstacles as they navigated agency eligibility requirements while attending college. © 2018, © 2018 Taylor & Francis Group, LLC.",2018,,Child Youth Serv.,39,3-Feb,117-136,,10.1080/0145935X.2018.1469403,,#2522,Crutchfield 2018,,
Substance Use and Social Stability of Homeless Youth: A Comparison of Three Interventions,"Zhang, J.; Slesnick, N.","The current study identified subgroups of homeless youth and young adults that exhibited distinct co-occurring patterns of substance use and social stability (e.g., employment, school attendance, and housing), and evaluated the relative effectiveness of the Community Reinforcement Approach (CRA), Motivational Enhancement Therapy (MET), and case management (CM) in interrupting substance use and improving social stability. The differentiating effects of personal characteristics on the co-occurrence of substance use and social stability were also examined. Participants included 270 homeless youth and young adults who were randomly assigned to one of the three intervention conditions: CRA, n 93, MET, n 86, or CM, n 91. Participants were assessed at baseline, 3, 6, and 12 months postbaseline. A dual trajectory latent class growth analysis identified four co-occurring patterns: low-stable substance use paired with low-increasing social stability, high-stable substance use paired with low-stable social stability, high-declining substance use paired with low-increasing social stability, and low-increasing substance use paired with high-stable social stability. Findings showed that CRA was superior in improving substance use and social stability simultaneously compared to MET and CM, and further, CM was more effective than MET. Personal factors including race, age, coping strategies, and behavior problems differentiated the co-occurring patterns of substance use and social stability. The findings underscore the significance in identifying subgroups of homeless youth that vary in problem severity in terms of their substance use and social stability, and offer evidence to help practitioners identify the most effective intervention that responds to the needs of homeless youth. © 2018 American Psychological Association.",2018,,Psychol. Addict. Behav.,32,8,873-884,,10.1037/adb0000424,,#2528,Zhang 2018,,
Youth and provider perspectives of Wahine Talk: A holistic sexual health and pregnancy prevention program developed with and for homeless youth,"Aparicio, E.M.; Phillips, D.R.; Okimoto, T.; Cabral, M.K.; Houser, C.; Anderson, K.","Half of homeless youth experience pregnancy at some point during their adolescence. Few programs exist to address pregnancy prevention among homeless youth, particularly from a holistic health promotion framework. Wahine Talk, an innovative adolescent pregnancy prevention and sexual health program, helps to fill this gap. The current study is part of a larger examination of Wahine Talk's initial feasibility, appropriateness, and acceptability, exploring experiences of both homeless youth participants (n = 11) and an interdisciplinary team of providers (n = 4) in three focus groups (N = 3). Template Analysis of focus group data resulted in five main themes characterizing participant and provider experiences of the intervention: 1) basic needs services are foundational; 2) peer mentorship takes many forms; 3) group is good, but is not for everyone; 4) putting a person in the clinic; and 5) holistic sexual health promotion. Findings suggest that Wahine Talk is initially feasible to provide, appropriate for homeless young women, and acceptable as delivered. Implications for practice, policy, and research are discussed. © 2018 Elsevier Ltd",2018,,Child. Youth Serv. Rev.,93,,467-473,,10.1016/j.childyouth.2018.08.014,,#2533,Aparicio 2018,,
Enhancing Risk Detection Among Homeless Youth: A Randomized Clinical Trial of a Promising Pilot Intervention,"Bender, K.A.; DePrince, A.; Begun, S.; Hathaway, J.; Haffejee, B.; Schau, N.","Homeless youth frequently experience victimization, and youth with histories of trauma often fail to detect danger risks, making them vulnerable to subsequent victimization. The current study describes a pilot test of a skills-based intervention designed to improve risk detection among homeless youth through focusing attention to internal, interpersonal, and environmental cues. Youth aged 18 to 21 years (N = 74) were recruited from a shelter and randomly assigned to receive usual case management services or usual services plus a 3-day manualized risk detection intervention. Pretest and posttest interviews assessed youths’ risk detection abilities through vignettes describing risky situations and asking youth to identify risk cues present. Separate 2 (intervention vs. control) × 2 (pretest vs. posttest) mixed ANOVAs found significant interaction effects, as intervention youth significantly improved in overall risk detection compared with control youth. Post hoc subgroup analyses found the intervention had a greater effect for youth without previous experiences of indirect victimization than those with previous indirect victimization experiences. © The Author(s) 2016.",2018,,J. Interpers. Violence,33,19,2945-2967,,10.1177/0886260516633208,,#2550,Bender 2018,,
Piloting the use of artificial intelligence to enhance HIV prevention interventions for youth experiencing homelessness,"Rice, E.; Yoshioka-Maxwell, A.; Petering, R.; Onasch-Vera, L.; Craddock, J.; Tambe, M.; Yadav, A.; Wilder, B.; Woo, D.; Winetrobe, H.; Wilson, N.","Objective: Youth experiencing homelessness are at risk for HIV and need interventions to prevent risky sex behaviors. We tested the feasibility of using artificial intelligence (AI) to select peer change agents (PCAs) to deliver HIV prevention messages among youth experiencing homelessness. Method: We used a pretest– posttest quasi-experimental design. In the AI condition (n = 62), 11 PCAs were selected via AI algorithm; in the popularity comparison (n = 55), 11 PCAs were selected 6 months later based on maximum degree centrality (most ties to others in the net-work). All PCAs were trained to promote HIV testing and condom use among their peers. Participants were clients at a drop-in center in Los Angeles, CA. HIV testing and condom use were assessed via a self-administered, computer-based survey at baseline (n = 117), 1 month (n = 86, 74%), and 3 months (n = 70, 60%). Results: At 3 months, rates of HIV testing increased among participants in the AI condition relative to the comparison group (18.8% vs. 8.1%), as did condom use during anal sex (12.1% vs. 3.3%) and vaginal sex (29.2% vs. 23.7%). Conclusions: AI-enhanced PCA intervention is a feasible method for engaging youth experiencing homelessness in HIV prevention. © 2018 by the Society for Social Work and Research. All rights reserved.",2018,,J. Soc. Soc. Work Res.,9,4,551-573,,10.1086/701439,,#2562,Rice 2018,,
Providing culturally informed mental health services to Aboriginal youth: The YouthLink model in Western Australia,"Sabbioni, D.; Feehan, S.; Nicholls, C.; Soong, W.; Rigoli, D.; Follett, D.; Carastathis, G.; Gomes, A.; Griffiths, J.; Curtis, K.; Smith, W.; Waters, F.","Aim: Aboriginal young people are more likely to experience mental health issues and to access mental health services than other young Australians, yet there are few culturally informed mental health programs and services available. This study describes and documents the effectiveness of the culturally sensitive model within YouthLink, a state-wide mental health service program in Western Australia for young people aged 13 to 24 years of age. Methods: A mixed-method design including a descriptive approach reporting on the YouthLink framework and an empirical research design where 40 Aboriginal clients completed client feedback monitoring measures between 2014 and 2016. Results: The YouthLink culturally informed conceptual framework adheres to best practice principles relevant to work with Indigenous people, family and communities. Aboriginal young people indicated improvement across the treatment period as shown by within-group differences between the first and last session scores on feedback measures. Therapeutic alliance (together with lower baseline acuity and female gender) also contributed significantly to positive treatment outcomes. Conclusions: Through a strong role of Aboriginal practitioners, relationships with Aboriginal communities, and greater service flexibility that embraces cultural meaning and knowledge, YouthLink has sought to enhance its response to the needs of Aboriginal youth. © 2018 John Wiley & Sons Australia, Ltd",2018,,Early Intervent. Psychiatry,12,5,987-994,,10.1111/eip.12563,,#2568,Sabbioni 2018,,
Family Care Curriculum: A Parenting Support Program for Families Experiencing Homelessness,"Sheller, S.L.; Hudson, K.M.; Bloch, J.R.; Biddle, B.; Krauthamer Ewing, E.S.; Slaughter-Acey, J.C.","Purpose In the United States, families with children characterize the fastest growing portion of the homeless population. Parenting for families experiencing homelessness presents unique challenges since families facing homelessness are disproportionately more likely to experience a myriad of interpersonal and contextual stressors that heighten the risk of parents engaging in suboptimal parenting approaches. This article describes the development and implementation of the Family Care Curriculum (FCC) train-the-trainer parenting support program specifically designed to support positive parenting in families experiencing homelessness. Description The FCC is a 6-week theory-based parenting intervention aimed to create positive shifts in parental attitudes to enhance sensitive and nurturing parenting and positive parent–child relationships. FCC assists parents in reflecting on how their own experiences contribute to some of their parenting beliefs, patterns, and behaviors. Parents are coached to imagine and understand the emotions, attachment, and developmental needs behind their children’s behaviors so they can maintain empathic and nurturing parenting responses in the context of cumulative and chronic stress. Parents are supported through learning to engage in self-care. A unique and important feature of the FCC is the inclusion of a culturally sensitive approach that takes into consideration the effects of racism, classism, and oppression on parent–child relationships. Conclusion FCC was designed, implemented, and championed by expert providers in the fields of family therapy, social work, and pediatrics to support parents experiencing homelessness. FCC adds to the body of effective attachment-based, trauma-informed, and culturally sensitive parenting interventions for improving parent–child relations and family health amongst vulnerable populations. © 2018, Springer Science+Business Media, LLC, part of Springer Nature.",2018,,Matern. Child Health J.,22,9,1247-1254,,10.1007/s10995-018-2561-7,,#2573,Sheller 2018,,
“The one thing that actually helps”: Art creation as a self-care and health-promoting practice amongst youth experiencing homelessness,"Schwan, K.J.; Fallon, B.; Milne, B.","Arts-based programming has increasingly been offered to youth experiencing homelessness in various service settings, often grounded in the belief that this type of programming can promote mental wellness and recovery, social inclusion, and life skills. Despite the ubiquity of such programs, there is limited research on the impacts and value of arts creation for youth who are homeless. Drawing on 23 in-depth interviews with youth experiencing homelessness and staff at a large youth homeless shelter, this study explores the importance, meanings, roles, and effects of art creation and art-based programming in the lives of youth who are homeless. Analysis identified five key ways that youth experiencing homelessness use the arts to cope with adversity and create meaning, including to: manage mental health challenges; cope with stress and homelessness; recover from trauma and create ‘safe spaces’; explore, express, and discover themselves; and develop positive self-esteem and hopefulness for the future. Findings revealed the complex and highly personal ways through which youth strategically use art creation as a self-care and health-promoting practice. These findings demonstrate the importance of developing arts-based interventions that employ a positive youth development approach and support youth's own self-care and meaning-making practices. Implications for practice and policy are discussed, including the need for art programs to build upon the positive arts-based practices youth are already employing in their efforts to improve their health, pursue their goals, and empower themselves. © 2018 Elsevier Ltd",2018,,Child. Youth Serv. Rev.,93,,355-364,,10.1016/j.childyouth.2018.08.002,,#2578,Schwan 2018,,
How to stop violence among homeless: Extension of voter model and intervention strategies,"Srivastava, A.; Petering, R.; Kannan, R.; Rice, E.; Prasanna, V.K.","Interventions to reduce violence among homeless youth are difficult to implement due to the complex nature of violence. However, a peer-based intervention approach would likely be a worthy approach as it has been shown that individuals who interact with more violent individuals are more likely to be violent, suggesting a contagious nature of violence. We propose Uncertain Voter Model to represent the complex process of diffusion of violence over a social network, that captures uncertainties in links and time over which the diffusion of violence takes place. Assuming this model, we define Violence Minimization problem where the task is to select a predefined number of individuals for intervention so that the expected number of violent individuals in the network is minimized over a given time-frame. We extend the problem to a probabilistic setting, where the success probability of converting an individual into non-violent is a function of the number of 'units' of intervention performed on them. We provide algorithms for finding the optimal intervention strategies for both scenarios. We demonstrate that our algorithms perform significantly better than interventions based on popular centrality measures in terms of reducing violence. © 2018 IEEE.",2018,,"Proceedings of the 2018 IEEE/ACM International Conference on Advances in Social Networks Analysis and Mining, ASONAM 2018",,,83-86,,10.1109/ASONAM.2018.8508641,,#2592,Srivastava 2018,,
"The Impact of Shelter Environment, Parental Communication, and Supervision on Depression Outcomes Among an Urban Sample of Adolescent First-Time Shelter Users in New York City","Alleyne-Green, B.; Kulick, A.; Osuji, H.L.; Beharie, N.; Sealy, Y.","Using data from the cross-sectional HIV prevention Outreach for Parents and Early Adolescents (HOPE) study, we explored the impact of shelter environment, quality parenting, as well as the effects of gender and first-time shelter use on depression outcomes among 243 adolescent shelter users in New York City. Results indicate comfort in the shelter environment, and higher rates of monitoring and supervision were associated with lower rates of depression. Girls residing in shelters for the first time reported highest rates of depression. Recommendations for future interventions with this population are discussed. © The Author(s) 2018.",2018,,J. Fam. Issues,39,11,3075-3095,,10.1177/0192513X18770224,,#2597,Alleyne-Green 2018,,
Employment outcomes from a randomized controlled trial of two employment interventions with homeless youth,"Ferguson, K.M.","Objective: Limited research exists on how employment interventions contribute to employment outcomes for homeless youth. This study examines the comparative efficacy of 2 interventions—Social Enterprise Intervention (SEI) and Individual Placement and Support (IPS)—provided to homeless youth with mental illness in a randomized controlled trial. Method: Participants were recruited from 1 homeless youth agency in Los Angeles, CA, and randomized to the SEI (n = 36) or IPS (n = 36) conditions. Over 20 months, SEI participants received 4 SEI components, and IPS participants received IPS services based on 8 principles. Data were collected at baseline and follow-up for the primary employment outcome (paid employment) and 5 secondary employment outcomes. Results: Over 20 months, 39% of SEI participants and 32% of IPS participants reported any paid employment. Across both groups, participants who reported working at baseline had nearly 8 times the odds of working at follow-up (OR = 7.91, p < 0.05). No statistically significant differences were detected across the full sample or between groups on the primary or secondary employment outcomes. Conclusions: Future effectiveness research is needed to compare the long-term employment outcomes of the SEI and IPS with a more heterogeneous sample of homeless youth using customized homelessness support services and more nuanced employment outcomes. © 2018 by the Society for Social Work and Research. All rights reserved.",2018,,J. Soc. Soc. Work Res.,9,1,21-Jan,,10.1086/696372,,#2627,Ferguson 2018,,
Employment and Other Income Sources Among Homeless Youth,"Slesnick, N.; Zhang, J.; Yilmazer, T.","Homeless youth report high rates of unemployment. While homeless serving agencies usually offer employment services, most homeless youth are disengaged from homeless service agencies, and a limited number of studies have examined employment and other income sources among service disconnected youth. Our study examined income sources and change in income among service disconnected youth, all of whom received Strengths-Based Outreach and Advocacy (SBOA, N = 79). Findings revealed that over time employment and legal income from non-survival behaviors increased (e.g., governmental assistance and receiving income from friends and relatives), while income from survival behaviors decreased (e.g., prostitution, stealing, selling possessions, selling blood or plasma). Although unemployment among these youth remained high (62%), income from survival behaviors reduced most drastically. Findings also suggest that employment is linked to housing stability and mental health, as is substance use and income, which suggests that mental health, housing, and substance use treatment services are important components in income stabilization for homeless youth. © 2018, Springer Science+Business Media, LLC, part of Springer Nature.",2018,,J. Prim. Prev.,39,3,247-262,,10.1007/s10935-018-0511-1,,#2633,Slesnick 2018,,
What do homeless transition-age youth want from housing interventions?,"Henwood, B.F.; Redline, B.; Rice, E.","Housing-led interventions have become recognized as a best practice for addressing homelessness among adults, yet whether and how they apply to transition-age youth (TAY) is less clear. The purpose of the present study is to expand on a burgeoning literature that has provided marginalized TAY an opportunity to voice their perspectives on housing-led program design. The goal of the study it to build on the existing literature that has predominantly used individual qualitative interviewing by using a focus group methodology in which group interaction can generate data and insights that may not emerge in individual interviews. Focus groups (n = 4) were conducted with 18 youth. Thematic analysis of focus group transcripts was conducted using independent and co-coding procedures. Three overarching and interrelated themes emerged from the focus groups: (a) personal responsibility and deservedness, (b) rising and falling together, and (c) needing individualized support. These findings suggest that TAY preferences for housing and services are not necessarily consistent with the homeless adult population and that youth may be looking for a more supportive housing environment. © 2018 Elsevier Ltd",2018,,Child. Youth Serv. Rev.,89,,5-Jan,,10.1016/j.childyouth.2018.04.014,,#2642,Henwood 2018,,
The experiences of adolescents and young adults residing with their families in emergency shelters in canada,"Polillo, A.; Sylvestre, J.; Kerman, N.; Lee, C.M.; Aubry, T.; Czechowski, K.","Emergency homeless shelters can be stressful environments for families. They can be associated with emotional distress and feelings of restriction for parents, and with behavioural, social, and developmental challenges for children. However, little is known about the experiences of accompanied youth residing in shelter with their families, as the literature about this age group’s experiences of homelessness has mainly focused on unaccompanied youth. Findings from the current study are drawn from qualitative interviews with 16 adolescents and young adults (aged 16–21) who were homeless and living with their families in family homeless shelters in Ottawa, Ontario, Canada. Youth described family homeless shelters as stressful environments but also found that the shelters provided support to them and their families. Youth discussed the various strategies they used to cope in facing the challenges of shelter life. These findings add to our understanding of youth who are homeless and highlight the ways in which they adapt to the challenges of living in a family homeless shelter with their families. Recommendations are included for ways that shelter staff and policymakers can enact operational and systemic changes that could potentially improve the experiences of such youth and their families. © 2018 Informa UK Limited, trading as Taylor & Francis Group.",2018,,J. Child. Pover.,24,2,89-107,,10.1080/10796126.2018.1470438,,#2661,Polillo 2018,,
A qualitative study of smoking cessation experiences and perceptions among homeless young adults,"Mullins, L.; O’Hanlon, C.E.; Shadel, W.G.; Tucker, J.S.","Up to 70% of homeless youth smoke, but there is little information available on their smoking cessation experiences and perceptions to guide cessation intervention efforts. This study examined reasons for quitting smoking, previous experiences quitting smoking, and preferences for smoking cessation programs among homeless young adults. Four focus groups (N = 27) were conducted in centers serving homeless 18–25 year olds in Los Angeles. Sessions were audio recorded, transcribed, and analyzed by a systematic procedure for qualitative analysis to identify key themes on the topics of interest. The short-term health-related consequences of smoking and high cost of cigarettes were the main reasons participants indicated for quitting or wanting to quit. In terms of barriers to quitting, exposure to peers who smoke and smoking to cope with the daily stressors of homelessness were the two most salient themes. Suggested features of a smoking cessation program for homeless youth included having a group-based component to provide support, offering incentives to attend, and using “scare tactics” as a tool to increase motivation to quit. To increase acceptability and uptake, smoking cessation programs for homeless youth need to focus on the short-term consequences of smoking and harness of the power of peer influences. © 2017 The RAND Corporation. Published by Informa UK Limited, trading as Taylor & Francis Group.",2018,,J. Soc. Distress Homeless,27,1,8-Jan,,10.1080/10530789.2017.1377959,,#2667,Mullins 2018,,
Serving Former Foster Youth and Homeless Students in College,"Huang, H.; Fernandez, S.; Rhoden, M.-A.; Joseph, R.","Many universities have developed campus support programs for former foster youth and homeless college students; however, there are no studies focusing on long-term programs in the college-setting with a mentoring component that focuses on developing relationships with supportive adults. To address the gap, this study examined both mentors' and program staff's experience with providing services to students in a campus support program. The authors collected qualitative data from one success coach (i.e. program staff) and eight mentors through focus group meetings and interviews. Results indicated that the success coach reported the students in the program improved their overall academic performance, while most mentors did not know their mentees' grades. The success coach coordinated most services of the program, assigned financial and academic support, and made service referrals. Mentors helped their mentees to improve academic and independent living skills. However, mentors reported that they received limited support, especially when working with mentees with mental health problems. Recommendations to improve the program include: using a multidisciplinary team for students with mental health problems and adopting systematic approaches to better support mentors' services. Future studies should go beyond program staff and mentors to include students' perspectives regarding their experiences with receiving mentoring services. © 2018, © 2018 Taylor & Francis Group, LLC.",2018,,J. Soc. Serv. Res.,44,2,209-222,,10.1080/01488376.2018.1441096,,#2677,Huang 2018,,
A pilot test of a motivational interviewing social network intervention to reduce substance use among housing first residents,"Kennedy, D.P.; Osilla, K.C.; Hunter, S.B.; Golinelli, D.; Maksabedian Hernandez, E.; Tucker, J.S.","This article presents findings of a pilot test of a Motivational Interviewing social network intervention (MI-SNI) to enhance motivation to reduce high risk alcohol and other drug (AOD) use among formerly homeless individuals transitioning to housing. Delivered in-person by a facilitator trained in MI, this four-session computer-assisted intervention provides personalized social network visualization feedback to help participants understand the people in their network who trigger their alcohol and other drug (AOD) use and those who support abstinence. If ready, participants are encouraged to make changes to their social network to help reduce their own high-risk behavior. Participants were 41 individuals (33 male, 7 female, 1 other; 23 African-American, 5 non-Latino White, 6 Latino, 7 other, mean age 48) who were transitioning from homelessness to permanent supportive housing. They were randomly assigned to either the MI-SNI condition or usual care. Readiness to change AOD use, AOD abstinence self-efficacy, and AOD use were assessed at baseline and shortly after the final intervention session for the MI-SNI arm and around 3-months after baseline for the control arm. Acceptability of the intervention was also evaluated. MI-SNI participants reported increased readiness to change AOD use compared to control participants. We also conducted a subsample analysis for participants at one housing program and found a significant intervention effect on readiness to change AOD use, AOD abstinence self-efficacy, and alcohol use compared to control participants. Participants rated the intervention as highly acceptable. We conclude that a brief computer-assisted Motivational Interviewing social network intervention has potential to efficaciously impact readiness to change AOD use, AOD abstinence self-efficacy, and AOD use among formerly homeless individuals transitioning to permanent supportive housing, and warrants future study in larger clinical trials. © 2017 Elsevier Inc.",2018,,J. Subst. Abuse Treat.,86,,36-44,,10.1016/j.jsat.2017.12.005,,#2683,Kennedy 2018,,
Daybreak in Dayton: Assessing characteristics and outcomes of previously homeless youth living in transitional housing,"Pierce, S.C.; Grady, B.; Holtzen, H.","Each year, more than 1 million American children and youth experience homelessness (Hammer, Finkelhor, & Sedlak, 2002; Office of Applied Studies, 2004). The transient nature of this population makes it difficult to study, but youth homelessness has been identified with a number of problematic outcomes as well as a pathway to chronic adult homelessness (Baker Collins, 2013; Chamberlain & Johnson, 2011). Yet, few empirical studies evaluate the effectiveness of a common intervention for homeless youth—transitional housing. In this paper, we describe the outcomes of homeless youth who participated in a youth-only transitional housing program. We analyze administrative data on 174 youth who entered and exited the Daybreak Transitional Housing program (Daybreak TH) between 2011 and 2014. We find that the majority of Daybreak TH participants were employed at least 20 h a week at program exit. Youth exited Daybreak TH with higher wages on average, while nearly half achieved educational gains from program entry to exit. Youth who resided in Daybreak TH for 12 months or longer were more likely to achieve positive program outcomes than youth who entered and exited the program in fewer than 12 months. Finally, youth who used drugs and alcohol were less likely than their peers to achieve desired program outcomes, as were those who suffered from chronic illnesses or attention deficit, conduct, or disruptive behavior disorders. We conclude with a discussion of policy implications and areas for future research. © 2018 Elsevier Ltd",2018,,Child. Youth Serv. Rev.,88,,249-256,,10.1016/j.childyouth.2018.03.021,,#2692,Pierce 2018,,
"Designing fair, efficient, and interpretable policies for prioritizing homeless youth for housing resources","Azizi, M.J.; Vayanos, P.; Wilder, B.; Rice, E.; Tambe, M.","We consider the problem of designing fair, efficient, and interpretable policies for prioritizing heterogeneous homeless youth on a waiting list for scarce housing resources of different types. We focus on point-based policies that use features of the housing resources (e.g., permanent supportive housing, rapid rehousing) and the youth (e.g., age, history of substance use) to maximize the probability that the youth will have a safe and stable exit from the housing program. The policies can be used to prioritize waitlisted youth each time a housing resource is procured. Our framework provides the policy-maker the flexibility to select both their desired structure for the policy and their desired fairness requirements. Our approach can thus explicitly trade-off interpretability and efficiency while ensuring that fairness constraints are met. We propose a flexible data-driven mixed-integer optimization formulation for designing the policy, along with an approximate formulation which can be solved efficiently for broad classes of interpretable policies using Bender’s decomposition. We evaluate our framework using real-world data from the United States homeless youth housing system. We show that our framework results in policies that are more fair than the current policy in place and than classical interpretable machine learning approaches while achieving a similar (or higher) level of overall efficiency. © Springer International Publishing AG, part of Springer Nature 2018.",2018,,Lecture Notes in Computer Science (including subseries Lecture Notes in Artificial Intelligence and Lecture Notes in Bioinformatics),10848 LNCS,,35-51,,10.1007/978-3-319-93031-2_3,,#2706,Azizi 2018,,
Do Programs for Runaway and Homeless Youth Work? A Qualitative Exploration From the Perspectives of Youth Clients in Diverse Settings,"Gwadz, M.; Freeman, R.M.; Kutnick, A.H.; Silverman, E.; Ritchie, A.S.; Cleland, C.M.; Leonard, N.R.; Srinagesh, A.; Powlovich, J.; Bolas, J.","Runaway and homeless youth (RHY) comprise a large population of young people who reside outside the control and protection of parents and guardians and who experience numerous traumas and risk factors, but few buffering resources. Specialized settings have developed to serve RHY, but little is known about their effects. The present cross-sectional qualitative descriptive study, grounded in the positive youth development approach and the Youth Program Quality Assessment model, addressed this gap in the literature. From a larger sample of 29 RHY-specific settings across New York State, RHY ages 16–21 from 11 settings were purposively sampled for semi-structured in-depth interviews on their transitions into homelessness, experiences with settings, and unmet needs (N = 37 RHY). Data were analyzed with a theory-driven and inductive systematic content analysis approach. Half of participants (54%) were female; almost half (49%) identified as non-heterosexual; and 42% were African American/Black, 31% were Latino/Hispanic, and 28% were White/other. Results indicated that because RHY are a uniquely challenged population, distrustful of service settings and professional adults and skilled at surviving independently, the population-tailored approaches found in RHY-specific settings are vital to settings’ abilities to effectively engage and serve RHY. We found the following four major themes regarding the positive effects of settings: (1) engaging with an RHY setting was emotionally challenging and frightening, and thus the experiences of safety and services tailored to RHY needs were critical; (2) instrumental support from staff was vital and most effective when received in a context of emotional support; (3) RHY were skilled at survival on the streets, but benefited from socialization into more traditional systems to foster future independent living; and (4) follow-through and aftercare were needed as RHY transitioned out of services. With respect to gaps in settings, RHY highlighted the following: (1) a desire for better management of tension between youths’ needs for structure and wishes for autonomy and (2) lack of RHY input into program governance. This study advances our understanding of RHY, their service needs, and the ways settings meet these needs, as well as remaining gaps. It underscores the vital, life-changing, and even life-saving role these settings play for RHY. © Copyright © 2018 Gwadz, Freeman, Kutnick, Silverman, Ritchie, Cleland, Leonard, Srinagesh, Powlovich and Bolas.",2018,,Front. Public Health,6,,,,10.3389/fpubh.2018.00112,,#2717,Gwadz 2018,,
Predictors of Retention in an Alcohol and Risky Sex Prevention Program for Homeless Young Adults,"Pedersen, E.R.; Ewing, B.A.; D’Amico, E.J.; Miles, J.N.V.; Haas, A.C.; Tucker, J.S.","Homeless young adults are at risk for alcohol and other drug (AOD) use and risky sexual behavior. Interventions are needed to help these young people reduce their risky behavior, but this population is often difficult to engage and retain in services. We offered a four-session AOD and risky sex reduction program to 100 participants and examined if retention in the program was predicted by a number of factors: demographics, homelessness severity, other service use, AOD behaviors, mental health symptoms, sexual risk behaviors, and readiness to change AOD and condom use. Nearly half (48%) of participants completed all sessions. In bivariate analyses, participants were significantly less likely to be retained in the program if they had slept outdoors in the past month, engaged in more alcohol and marijuana use, experienced more alcohol-related consequences, and received the program in an urban drop-in center (as opposed to a drop-in center near the beach). When controlling for all significant bivariate relationships, only sleeping outdoors and receipt of the program in the urban setting predicted fewer sessions completed. The most endorsed reasons for program non-completion were being too busy to attend and inconvenient day/time of the program. Findings can help outreach staff and researchers better prepare methods to engage higher risk homeless youth and retain them in services. Finding unique ways to help youth overcome barriers related to location of services appears especially necessary, perhaps by bringing services to youth where they temporarily reside or offering meaningful incentives for program attendance. © 2018, Society for Prevention Research.",2018,,Prev. Sci.,19,4,459-467,,10.1007/s11121-018-0866-9,,#2735,Pedersen 2018,,
Promoting resilience in youth experiencing homelessness through implementation of the McKinney-Vento Homeless Assistance Act,"Clemens, E.; Hess, R.S.; Strear, M.M.; Rue, L.; Rizzolo, S.; Henninger, J.","This Consensual Qualitative Research study explored experiences of youth, families, and homeless liaisons to better understand how educational environments can foster resilience among youth experiencing homelessness. The purpose of the study was to provide educational stakeholders with guidance on how to actualize the McKinney-Vento Homeless Assistance Act into saturated services that promote strength, hope, and high expectations for youth experiencing homelessness. A bioecological framework was used to conceptualize the interplay of systems. Four domains emerged from participants' collective beliefs on the implementation of the McKinney-Vento Homeless Assistance Act: critical incidents, philosophy of services, community and school collaboration, and relationships with families. Lessons learned and implications for school practice are discussed. © 2018 Taylor & Francis Group, LLC.",2018,,Prev. Sch. Fail.,62,2,105-115,,10.1080/1045988X.2017.1387756,,#2780,Clemens 2018,,
Development of a Shelter-based Health Empowerment Program for Pregnant and Parenting Youth Experiencing Homelessness,"O'Brien, JRG; Brar, P; Worley, J; Woodlee, CH; Kelly, ED; So, MR; McRee, AL; Mehus, CJ","Background: Pregnancy and parenthood are common among youth experiencing homelessness and are associated with significant health risk for both parent and child. Yet, little is known regarding how to best promote health among this vulnerable population. Objectives: To understand stakeholder perceptions of needs and factors required for successful implementation of a shelter-based health empowerment program for pregnant and parenting youth experiencing homelessness and their children. Methods: Applying frameworks from implementation sci-ence, we conducted interviews and focus groups with three groups of stakeholders (youth experiencing homelessness [n = 17], shelter staff [n = 8], community experts [n = 5]). We used qualitative content analysis to identify program content areas and design elements required for successful implementation. We then used a consensus-building process to engage community stakeholders in selecting and adapting an evidence-informed intervention. Results: Stakeholders described several desired content areas for a group-based curriculum: sexual and reproductive health, mental health and child health. With respect to pro-gram design, stakeholders emphasized adaptability; a strengths-based, culturally responsive, and trauma-informed approach; a skills-oriented focus; staff training; access to health care; and the integration of youth voices. Driven by these findings, our community-based team proposed a health empowerment program with three elements: 1) a weekly health empowerment group, 2) health training and support for shelter staff, and 3) shelter-based health care services. Conclusions: Our study is among the first to assess the health care needs of pregnant and parenting youth in shelter, and to describe factors associated with the development and implementation of a shelter-based health empowerment program specifically targeting this vulnerable population.Keywords Homeless persons, adolescent health services, vulnerable populations, youth homelessness, pregnancy in adolescence, health promotion, community-based participatory research, health disparities, community health services",2022,,PROGRESS IN COMMUNITY HEALTH PARTNERSHIPS-RESEARCH EDUCATION AND ACTION,16,4,473-489,WOS:000907533300011,10.1353/cpr.2022.0070,,#2805,O'Brien 2022,,
Transitioning to independent living: Experiences of homeless young adults in rapid rehousing,"Gurdak, K; Bond, L; Padgett, D; Petering, R","Rapid rehousing (RRH) is an intervention that is being adopted nationally to assist adolescents and emerging adults who are homeless. RRH provides short-term rental assistance for independent scattered-site housing, in addition to an array of support services for approximately 12-24 months. The aim of this study is to explore the experiences of young adults (18-23 years old) who had previously been homeless and who were enrolled in RRH programs set in two urban Northeastern cities, and their subsequent preparedness for independent living. Our sample mostly consisted of non-Hispanic Black females, many of whom identified as LGBTQ. Semi-structured interviews (n = 15) were conducted after participants had been in the program for nine months -three months prior to their initial program completion date. Thematic analysis revealed three themes: the importance of tangible support, communication among all parties: staff lead the way, and ""I gotta start learning to do it on my own "". These domains provided essential assistance for young people to attain their goals and through this process they learned skills to live independently and transition into adulthood. These findings suggest that rapid rehousing programs and service providers should focus on these domains to facilitate successful transition to independent living for this population.",2022,,EVALUATION AND PROGRAM PLANNING,92,,,WOS:000792707600015,10.1016/j.evalprogplan.2022.102076,,#2815,Gurdak 2022,,
A text message intervention for quitting cigarette smoking among young adults experiencing homelessness: study protocol for a pilot randomized controlled trial,"Tucker, JS; Pedersen, ER; Linnemayr, S; Shadel, WG; DeYoreo, M; Zutshi, R","Background Cigarette smoking is much more prevalent among young people experiencing homelessness than in the general population of adolescents and young adults. Although many young homeless smokers are motivated to quit, there are no empirically-evaluated smoking cessation programs for this population. It is important that any such program address the factors known to be associated with quitting-related outcomes among homeless young people, to provide ongoing support in a way that accommodates the mobility of this population, and does not rely on scarce service provider resources for its delivery. The objective of this project is to develop and pilot test a text messaging-based intervention (TMI), as an adjunct to brief cessation counseling and provision of nicotine patches, to help homeless young people who want to quit smoking. Methods/design This pilot study will utilize a cluster cross-over randomized controlled design with up to 80 current smokers who desire to quit and are recruited from three drop-in centers serving young people experiencing homelessness in the Los Angeles area. All participants will be provided with a minimum standard of care: a 30-min group-based smoking cessation counseling session and free nicotine replacement. Half of these smokers will then also receive the TMI, as an adjunct to this standard care, which will provide 6 weeks of ongoing support for quitting. This support includes continued and more intensive education regarding nicotine dependence, quitting smoking, and relapse; does not require additional agency resources; can be available ""on demand"" to users; and includes features to personalize the quitting experience. This study will investigate whether receiving the TMI adjunct to standard smoking cessation care results in greater reductions in cigarette smoking compared to standard care alone over a 3-month period. Discussion This study has the potential to address an important gap in the clinical research literature on cigarette smoking cessation and provide empirical support for using a TMI to provide ongoing assistance and support for quitting among young smokers experiencing homelessness. Trial registration ClinicalTrials.gov Identifier NCT03874585. Registered March 14, 2019, .",2020,,ADDICTION SCIENCE & CLINICAL PRACTICE,15,1,,WOS:000517213100001,10.1186/s13722-020-00187-6,,#2829,Tucker 2020,,
Subgroups of Dutch homeless young adults based on risk- and protective factors for quality of life: Results of a latent class analysis,"Altena, AM; Beijersbergen, MD; Vermunt, JK; Wolf, JRLM","It is important to gain more insight into specific subgroups of homeless young adults (HYA) to enable the development of tailored interventions that adequately meet their diverse needs and to improve their quality of life. Within a heterogeneous sample of HYA, we investigated whether subgroups are distinguishable based on risk- and protective factors for quality of life. In addition, differences between subgroups were examined regarding the socio-demographic characteristics, the use of cognitive coping strategies and quality of life. A total of 393 HYA using shelter facilities in the Netherlands were approached to participate, between December 2011 and March 2013. Structured face-to-face interviews were administered approximately 2weeks after shelter admission by trained research assistants. A latent class analysis was conducted to empirically distinguish 251 HYA in subgroups based on common risk factors (former abuse, victimisation, psychological symptoms and substance use) and protective factors (resilience, family and social support and perceived health status). Additional analysis of variance and chi-square tests were used to compare subgroups on socio-demographic characteristics, the use of cognitive coping strategies and quality of life. The latent class analysis yielded four highly interpretable subgroups: the at-risk subgroup, the high-risk and least protected subgroup, the low-risk subgroup and the higher functioning and protected subgroup. Subgroups of HYA with lower scores in risk factors showed higher scores in protective factors, the adaptive cognitive coping strategies and quality of life. Our findings confirm the need for targeted and tailored interventions for specific subgroups of HYA. Social workers need to be attentive to the pattern of risk- and protective factors in each individual to determine which risk factors are prominent and need to be targeted and which protective factors need to be enhanced to improve the quality of life of HYA.",2018,,HEALTH & SOCIAL CARE IN THE COMMUNITY,26,4,E587-E597,WOS:000435783600015,10.1111/hsc.12578,,#2834,Altena 2018,,
Housing First Combined with Suicide Treatment Education and Prevention (HOME plus STEP): study protocol for a randomized controlled trial,"Chavez, L; Kelleher, K; Bunger, A; Brackenoff, B; Famelia, R; Ford, J; Feng, X; Mallory, A; Martin, J; Sheftall, A; Walsh, L; Yilmazer, T; Slesnick, N","Background: Youth experiencing homelessness are at high risk for suicide, yet few studies have evaluated risk reduction interventions targeting suicidal ideation in this vulnerable population. A comprehensive approach to risk-reduction is needed that addresses basic needs and provides targeted interventions for those at highest risk. The protocol described builds on the design of the first randomized trial of Housing First (HF) for homeless youth. The primary objective is to determine whether housing combined with supportive services that include suicide screening and targeted psychotherapy (Cognitive Therapy for Suicide Prevention) is effective for reducing suicidal ideation and other secondary outcomes (depression and suicide attempts). Additionally, we will explore mediators of the treatment effect (housing stability and substance use) and determinants of implementation.Methods: Youth recruited to the HF trial will be randomized to HF + supportive services (n = 120), or supportive services alone (n = 120). The ""Suicide Treatment Education and Prevention"" (STEP) protocol will additionally screen youth in both arms at baseline and 3 months for suicidal ideation (SSI-W). Those who screen as moderate risk for suicide (SSI-W >= 10) will be offered CTSP, which includes up to 9 sessions over the first 6 months following enrollment. CTSP will be delivered in one-on-one sessions by a trained advocate. Research assessments will be collected to assess outcomes (including suicidal ideation) at baseline, 3, 6, 9 and 12 months. Qualitative interviews with subjects receiving CTSP and other stakeholders will explore implementation determinants.Discussion: The study will fill an important gap in the literature about the added benefit of HF combined with supportive services including suicide screening and treatment for reducing suicidal ideation in homeless youth. With the urgent need to address both homelessness and suicide risk, evidence is needed about services that can be integrated into delivery settings for youth experiencing homelessness.",2021,,BMC PUBLIC HEALTH,21,1,,WOS:000663030300003,10.1186/s12889-021-11133-9,,#2842,Chavez 2021,,
Co-occurring trajectory of housing stability and parenting stress with child behavior problems: A randomized trial of a housing intervention for young mothers experiencing homelessness,"Zhang, J; Wu, Q; Feng, X; Ford, J; Famelia, R; Slesnick, N","This study examined the effects of an integrative housing intervention (Ecologically Based Treatment, EBT - independent housing and supportive services) on the co-occurring pattern of housing stability and parenting stress among a sample of substance-using mothers who experience homelessness and have young children in their care. The association between the co-occurring patterns of housing stability and parenting stress and child internalizing and externalizing behaviors was also examined. Mothers were randomized to one of the three conditions: EBT (n = 80), Housing-only (HOU; n = 80), or Services as Usual (SAU; n = 80). Follow-up assessments were completed at 3-, 6-, 9-, and 12-months post-baseline. The dual-trajectory latent class growth analyses identified five subgroups of co-occurring patterns: low-greatly improved housing paired with moderate-improved parenting stress, low-greatly improved housing paired with high-improved parenting stress, low-moderately improved housing paired with moderate-static parenting stress, low-worse housing paired with moderate-improved parenting stress, and low-worse housing paired with high-static parenting stress. Findings showed that EBT was more effective in improving housing stability and reducing parenting stress compared to HOU and SAU conditions, and further, HOU was more effective than SAU. Additionally, children whose mothers reported increased housing stability together with improved parenting stress had lower levels of internalizing and externalizing behaviors. The findings provide support to the efficacy of EBT in increasing housing stability and reducing parenting stress. The observed improvements subsequently benefited children's behavioral outcomes.",2023,,FAMILY PROCESS,,,,WOS:001127024100001,10.1111/famp.12954,,#2869,Zhang 2023,,
Housing and supportive services for substance use and self-efficacy among young mothers experiencing homelessness: A randomized controlled trial,"Slesnick, N; Zhang, J; Feng, X; Mallory, A; Martin, J; Famelia, R; Brakenhoff, B; Yilmazer, T; Wu, Q; Ford, J; Holowacz, E; Jaderlund, S; Hatsu, I; Luthy, E; Chavez, L; Walsh, L; Kelleher, K","Aims: Homeless mothers with young children in their care contend with high rates of substance use and low self-efficacy. However, a limited number of studies have examined these outcomes associated with housing and supportive services.Design: Participants were randomly assigned to: (1) housing + support services (n = 80), (2) housing-only (n = 80), or (3) services as usual (SAU) (n = 80) and were re-assessed at 3-, 6-, 9- and 12-months postbaseline.Settings: The study recruited a community-based sample from homeless service agencies and advertisements in a large Midwestern city. Participants: The study recruited two hundred forty (N = 240) women between the ages of 18 to 24 years, experiencing homelessness and with a substance use disorder (SUD) who also had a biological child under the age of 6 years in their care.Measurements: We measured frequency of alcohol and drug use using the Form 90 semi-structured interview, and self-efficacy using Pearlin and Schooler's (1978) 7-item Mastery Scale.Findings: Overall, mothers showed significant improvement in substance use and self-efficacy over time in each condition. However, as expected, patterns of change differentiated intervention groups with more mothers showing better substance use and self-efficacy outcomes in housing + supportive services than in SAU. Unexpectedly, more mothers in SAU showed better outcomes than those in housing-only.Conclusions: Substance use decreased and self-efficacy increased over time, but patterns of change characterized the intervention groups. In particular, findings suggest that when providing housing to this population, supportive services should also be offered.",2023,,JOURNAL OF SUBSTANCE ABUSE TREATMENT,144,,,WOS:000913075300008,10.1016/j.jsat.2022.108917,,#2876,Slesnick 2023,,
Clinical and functional characteristics of young adults living in single room occupancy housing: preliminary findings from a 10-year longitudinal study,"Barbic, SP; Jones, AA; Woodward, M; Piercy, M; Mathias, S; Vila-Rodriguez, F; Leonova, O; Smith, GN; Buchanan, T; Vertinsky, AT; Gillingham, S; Panenka, WJ; Rauscher, A; Barr, AM; Procyshyn, RM; MacEwan, GW; Lang, DJ; Thornton, AE; Heran, MK; Leon, AM; Krausz, M; Honer, WG","Objective Young adults living in single room occupancy (SRO) hotels, a form of low-income housing, are known to have complex health and substance problems compared to their peers in the general population. The objective of this study is to comprehensively describe the mental, physical, and social health profile of young adults living in SROs.Methods This study reports baseline data from young adults aged 18-29 years, as part of a prospective cohort study of adults living in SROs in Vancouver, British Columbia, Canada. Baseline and follow-up data were collected from 101 young adults (median follow-up period 1.9 years [IQR 1.0-3.1]). The comprehensive assessment included laboratory tests, neuroimaging, and clinician-and patient-reported measures of mental, physical, and social health and functioning.Results Three youth died during the preliminary follow-up period, translating into a higher than average mortality rate (18.6, 95% CI 6.0, 57.2) compared to age-and sex-matched Canadians. High prevalence of interactions with the health, social, and justice systems was reported. Participants were living with median two co-occurring illnesses, including mental, neurological, and infectious diseases. Greater number of multimorbid illnesses was associated with poorer real-world functioning (rho = -0.373, p < 0.001). All participants reported lifetime alcohol and cannabis use, with pervasive use of stimulants and opioids.Conclusion This study reports high mortality rates, multimorbid illnesses, poor functioning, poverty, and ongoing unmet mental health needs among young adults living in SROs. Frequent interactions with the health, social, and justice systems suggest important points of intervention to improve health and functional trajectories of this vulnerable population.",2018,,CANADIAN JOURNAL OF PUBLIC HEALTH-REVUE CANADIENNE DE SANTE PUBLIQUE,109,2,204-214,WOS:000436458700007,10.17269/s41997-018-0087-9,,#2898,Barbic 2018,,
Substance Use Treatment Completion Among Unhoused Young Adults: A Predictive Modeling Approach,"Dell, NA; Long, CRN; Salas-Wright, CP; Vaughn, MG; Szlyk, HS; Cavazos-Rehg, P","Background: Unhoused young adults aged 18-24 years are at increased risk of substance misuse relative to the general population and experience unique barriers to engaging in treatment. This study evaluates predictors of treatment completion for unhoused young adults receiving substance use treatment. Methods: Predictive models were generated on data from the 2020 Treatment Episode Data Set-Discharges. The sample included treatment discharges involving unhoused adults aged 18-24 years (N = 12,273). Model performance was assessed by inspecting several evaluative metrics. Results: Overall, each model performed relatively well (AUC: 0.7234-0.7753). Classification models trained on balanced data predicted a higher proportion of treatment completers. Models trained on balanced data also achieved higher balanced accuracy and F1 scores relative to models trained on imbalanced data. Conclusions: Findings reveal multiple features important in the accurate classification of treatment completion, which may be useful for developing individualized interventions to support clients' engagement in treatment services.",2024,,JOURNAL OF DRUG ISSUES,,,,WOS:001293159400001,10.1177/00220426241274753,,#2919,Dell 2024,,
Risk and resilience among young adults experiencing homelessness: A typology for service planning,"Narendorf, SC; Bowen, E; Maria, DS; Thibaudeau, E","Purpose: This study examined risk and resilience indicators in a sample of young adults experiencing homelessness to identify subgroups with different service needs.Methods: Data came from a 2014 survey of homeless young adults (age 18-24) in Houston (n = 374). Participants self-reported risk and resilience indicators which were used to fit a latent class model.Results: A four-class solution was the best fit. Group-1 (n = 73), had high adult support and low trauma. Group-2 (n = 60) had low trauma but low adult support. Group-3 (n = 151), had high trauma exposure, high rates of mental health problems and low substance use. Group-4 (n = 90), had high rates across all risk variables.Conclusion: Trauma, adult support, and substance use were key distinguishing features to inform screening and service planning.",2018,,CHILDREN AND YOUTH SERVICES REVIEW,86,,157-165,WOS:000428831200019,10.1016/j.childyouth.2018.01.034,,#2934,Narendorf 2018,,
Enabling evidence-led collaborative systems-change efforts: an adaptation of the collective impact approach,"Nichols, N; Schwan, K; Gaetz, S; Redman, M","This article conveys the results of a three-year ethnographic study of a pan-Canadian community-university collaboration to prevent and end youth homelessness. The collaboration adapted aspects of a collective impact (CI) approach to pursue a large-scale shift in how youth homelessness is addressed in Canada. The objective of this article is to codify and share the model developed and implemented by the community-university collaboration as an opportunity for ongoing adaptation and learning among others undertaking similarly complex and collaborative systems-change efforts. Findings suggest a CI approach is unlikely to be suitable for large-scale innovation-oriented initiatives, and that context-specific adaptations of the model should be encouraged. To what is already known about collaborative multisectoral partnerships, this article reveals the importance of strategic information sharing, targeted and flexible research and knowledge mobilization efforts, and ongoing attentiveness to the relational dimensions of collaborative evidence-informed systems-change efforts.",2022,,COMMUNITY DEVELOPMENT JOURNAL,57,4,750-768,WOS:000755839000001,10.1093/cdj/bsab011,,#2957,Nichols 2022,,
Sense of community among young adults before and after moving into Permanent Supportive Housing: A mixed-methods longitudinal analysis,"Littman, DM; Resing, K; Milligan, T; Williams, O; Bender, K","Amidst chronic stressors and ongoing instability, many young people who have experienced homelessness and housing instability find communities and settings which offer support and care. Permanent Supportive Housing (PSH) is one setting which aims to provide stability and community to those who have experienced homelessness, but it has not been widely studied with young adults (ages 18-25 upon moving into PSH). This paper employs a longitudinal convergent mixed methods approach - with quantitative and qualitative survey data over 1.5 years - to explore how young adult residents (N = 27 at T1; N = 20 at T2, N = 13 at T3) experience sense of community before and after moving into PSH. Using McMillan and Chavis' (1986) four-part Psychological Sense of Community (PSOC) framework to frame data collection and analysis, we find that residents' sense of community is shaped by an ongoing negotiation of personal and collective needs. Building community takes time and requires opportunities for voices to be heard (and shape change), along with ongoing personal growth - especially related to substance use recovery. Our findings offer insights for future PSH settings for young people - as well as other residential and community settings which aim to support young people. We suggest the need for future research which explores the tension of policy decision making, about substance use for example, in low-barrier support services like PSH.",2024,,CHILDREN AND YOUTH SERVICES REVIEW,157,,,WOS:001146592300001,10.1016/j.childyouth.2023.107413,,#3018,Littman 2024,,
Understanding the Needs of Gender-Diverse Youth and Young Adults and Their Staff Members in Homeless Shelters and Supported Housing.,"Gutman, Sharon; Choi, Ashley; Kearney, Alexis; Swarbrick, Margaret","Background: Gender-diverse youth experience twice the risk for homelessness as their same-age cisgender peers and report experiencing discrimination in homeless shelters and supported housing. Method: Eighteen participants (9 gender-diverse residents and 9 staff members) were interviewed individually to understand their experience of and needs in these settings. Results: The major findings included: (a) Gender-diverse service recipients felt unsafe and vulnerable in these facilities. Sharing space in which to carry out occupations of vulnerability often triggered anxiety and PTSD. (b) Gender-diverse service recipients felt that staff members did not understand how cumulative trauma adversely affected participation in programmatic activities. (c) Staff members reported that their facilities did not provide formal training needed to understand and address the unique needs of gender-diverse residents. (d) Gender-diverse service recipients commonly sustained trauma throughout their lives that compromised their ability to attain desired daily life skills and adult occupational roles. Such ruptures in their knowledge base likely served to maintain their homelessness despite repeated shelter admissions and housing placements. Conclusion: Occupational therapists could provide essential intervention to a gender-diverse youth population, including assisting with the attainment of skills needed for apartment management, employment seeking, maintenance, and health management.",2024,,Open Journal of Occupational Therapy (OJOT),12,3,17-Jan,,10.15453/2168-6408.2230,,#3042,Gutman 2024,,
Cultural adaptation considerations of a comprehensive housing outreach program for Indigenous youth exiting homelessness.,"Lund, Jessie I.; Toombs, Elaine; Mushquash, Christopher J.; Pitura, Victoria; Toneguzzi, Kaitlyn; Bobinski, Tina; Leon, Scott; Vitopoulos, Nina; Frederick, Tyler; Kidd, Sean A.","Generalist health interventions that aim to reduce chronic health disparities between Indigenous and non-Indigenous populations can be culturally adapted to better meet the needs of Indigenous people in Canada; however, little is known regarding best practices in implementing these adaptations. The present study first provides a review of the research process used to adapt a previous evidence-based housing initiative for Indigenous youth in Northwestern Ontario. Second, it includes an overview of the adaptations that were made and the associated rationale for such adaptations. Third, it examines the experiences of participants and staff involved in the cultural adaptation of the Housing Outreach Program Collaborative (HOP-C), a health intervention re-designed to improve physical and mental health outcomes, wellbeing, and social support for formerly homeless Indigenous youth as they secure housing. Qualitative feedback from interviews with 15 participants and eight program staff, in addition to one focus group with an additional six frontline workers, described perceived outcomes of the program's cultural adaptations. Modifications to the overall program structure, specific roles within the program (including counseling services, peer mentorship, cultural services, and case management), and adaptations to general implementation within the health organization providing the intervention were described by participants and staff as effective and helpful adaptations. The focus of Indigenous values at an organizational level led to consistent adaptations in counseling and case management to best meet the unique needs of the youth involved. Based upon participant interviews, recommendations to future adaptations are provided.",2024,,Transcultural Psychiatry,61,3,457-472,,10.1177/13634615221135438,,#3043,Lund 2024,,
Developing a text messaging-based smoking cessation intervention for young smokers experiencing homelessness.,"Tucker, Joan S.; Linnemayr, Sebastian; Pedersen, Eric R.; Shadel, William G.; Zutshi, Rushil; Mendoza-Graf, Alexandra","Introduction: Cigarette smoking is highly prevalent among young people experiencing homelessness, and many of these smokers are motivated to quit. However, there is a lack of readily available cessation services for this population, which is highly mobile and can be challenging to engage in services. Aims: We describe the development of a smoking cessation text messaging intervention (TMI) for homeless youth who are interested in quitting smoking. Methods: Participants were 18–25 years old and recruited from drop-in centers serving homeless youth. Three focus groups (N = 18) were conducted with smokers to refine the TMI content, and a separate sample of smokers (N = 8) provided feedback on the TMI after using it for 1 week. Survey data assessed the TMI's acceptability and feasibility. Results: Participants generally rated the TMI as helpful and relevant, and nearly all had cell phone plans that included unlimited texting and were able to view TMI content with few difficulties. Qualitative feedback on strengths/limitations of the TMI in terms of content, tone, and delivery parameters was used to finalize the TMI for a future evaluation. Conclusions: Results suggest that a TMI is a feasible and acceptable option for young people experiencing homelessness who are interested in quitting smoking.",2020,,Journal of Smoking Cessation,15,1,35-43,,10.1017/jsc.2019.24,,#3047,Tucker 2020,,
A Quasi-Experimental Evaluation of the Lifelong Links Intervention for Reducing Homelessness amongst Care Leavers,"Sanders, Michael; Hirneis, Vanessa; Picker, Vanessa","Despite the fact that care leavers are at significantly higher risk of homelessness than their peers who have not experienced care, there is a paucity of information on evidence-based interventions to address this risk. Lifelong Links is a program developed and delivered by the Family Rights Group in England. The intervention aims to ensure that a child in care has a positive support network around them to help during their time in care and into adulthood. In this article, we analyse the outcomes of a quasi-experimental evaluation of the Lifelong Links program. Specifically, we make use of a combination of coarsened exact matching, and a triple-differences approach (or difference in difference in differences analysis). Results of our analyses show that Lifelong Links is associated with a reduction in the risk of becoming homeless for care leavers aged eighteen to twenty in the years following its implementation. Our most robust model showed a reduction of around 10 per cent in the risk of a young care leaver being deemed at risk of, or experiencing homelessness, suggesting that improving ties between young people in care and their birth families (and/or building other sources of support) could have beneficial impacts on housing outcomes into adulthood.",2024,,British Journal of Social Work,54,7,2899-2918,3123915323,10.1093/bjsw/bcae068,,#3051,Sanders 2024,,
A randomized controlled trial of a brief motivational interviewing-based group intervention for emerging adults experiencing homelessness: 24-month effects on alcohol use,"Tucker, Joan S; Rodriguez, Anthony; D'Amico, Elizabeth J; Pedersen, Eric R; Garvey, Rick; Klein, David J","Objective: Despite rates of alcohol misuse being higher among emerging adults experiencing homelessness compared to those who are stably housed, there are few brief evidence-based risk reduction programs for this population that focus on alcohol use and assess outcomes for more than 1 year. This study examines alcohol outcomes from a 24-month evaluation of AWARE, a brief motivational interviewing-based group risk reduction intervention for emerging adults experiencing homelessness. Method: In a cluster randomized crossover trial, 18- to 25- year-olds received AWARE (n = 132) or standard care (n = 144) at one of three drop-in centers serving young people experiencing homelessness in Los Angeles County. We evaluated intervention effects on past month alcohol use, consequences, and related cognitions such as motivation to change behavior. Results: AWARE participants showed significant reductions over 24 months in alcohol use and negative consequences from drinking and reported significant increases in their use of drinking protective strategies. Except for drinking frequency, control group participants did not show a significant change in these outcomes. Conclusions: Findings build on earlier work by demonstrating that AWARE is effective in reducing alcohol use and related problems among emerging adults experiencing homelessness over a 2-year period.",2024,,Psychology of Addictive Behaviors : Journal of the Society of Psychologists in Addictive Behaviors,38,3,269,3054205705,10.1037/adb0000963,,#3062,Tucker 2024,,
Implementing Indigenous Youth Peer Mentorship: Insights from the By Youth For Youth Project,"Lund, Jessie I; Mushquash, Christopher J; Carty, Hugette; Bobiński, Tina; Lichtenstein, Sidney; Daley, Mardi; Kidd, Sean A","Indigenous youth are disproportionately represented among youth experiencing homelessness in Canada, and are at an increased risk for mental health and substance use problems compared to nonIndigenous youth experiencing homelessness. Research is needed that considers how best to support Indigenous youth in acquiring and maintaining stable housing. Indigenous youth peer mentorship is one possible mechanism that warrants consideration, as Indigenous youth who have previously been homeless can share their experiences with barriers that other youth encounter, as well as skills that may be well-suited to facilitate hope and understanding for other homeless youth. In the present study, we examined the process by which Indigenous peer mentors engaged in a peer-driven project designed to support other Indigenous youth experiencing homelessness in Northwestern Ontario. This process was documented through qualitative interviews with three peer mentors and three staff, as well as ethnographic fieldnotes. Thematic analysis revealed that peer mentorship positions appear to be useful for the Indigenous youth who engage in them, as these positions provide a paid avenue to engage in advocacy and to support others whose experiences are similar to theirs. They also increase their cultural connectedness, confidence, self-esteem, self-awareness, and ability to advocate for their own needs. The present study also yielded important considerations for organizations implementing Indigenous youth peer mentorship positions. These considerations include offering training and providing opportunities for cultural engagement, avoiding tokenism, being cognizant of possible dual relationships, and supporting peer mentors who may be grappling with personal difficulties outside of their roles.",2022,,International Journal of Indigenous Health,17,2,64-81,2713605401,,,#3105,Lund 2022,,
HEALTHCARE ACCESS FOR HOMELESS ADOLESCENTS & YOUNG ADULTS: A QUALITY IMPROVEMENT PROJECT,"Heathcote, Sarah Rose, DO, MPH; Rosenthal, Leslie, MD, MS; Ricondo, Steven, MD; Hergenroeder, Albert, MD; Wiemann, Constance, PhD","Purpose: The more than 40,000 individuals who make up the homeless adolescent and young adult population on any given night in the United States face high rates of morbidity and mortality, with a life expectancy of thirty years less than the national average. With three times greater odds of poor health care access than their peers, homeless youth are often uninsured and rely heavily on emergency rooms for medical care. In an effort to improve health care accessibility and decrease inequities, the current quality improvement initiative's SMART aim was to increase, by 10% from baseline, the percent of a sheltered homeless youth cohort who have enrolled, or submitted applications to enroll, in a health insurance plan or the county's healthcare financial assistance program (HFAP) within 21 days of intake into the shelter program. Methods: An initial needs assessment was conducted through key stakeholder interviews, baseline data collection, process mapping, and the development of key driver and fishbone diagrams. Outcome measures, including insurance status and enrollment in the local health system's HFAP, were tracked weekly for homeless persons, aged 18 to 24 years, residing at a transitional housing program during the study period of January 2019 to April 2019. During this time, Plan Do Study Action (PDSA) cycle interventions included: 1) adoption of insurance documentation protocols in the shelter-based medical home, and 2) implementation of monthly Financial Assistance Program eligibility events on-site at the shelter facility. Duration from shelter intake to submission of HFAP application and satisfaction of the process from shelter service providers and youth were reported as process and balancing measures. Results: Chart review of fifty-six youth who had entered the housing program between September 2017 and January 2019 provided baseline information. Sixty-two youth entered post-intervention between January 2019 and April 2019. The adoption of insurance documentation protocols with PDSA cycle #1 lead to a significant increase in insurance status documentation to 56.5% (35/62; Z=3.65, p=0.00054) of medical records, compared with 25% (14/56) prior to the intervention. Thirty youth participated in HFAP eligibility events established with PDSA cycle #2; of those youth, 87.6% had a documented pre-existing health care need. The percent of insured or HFAP-applied residents increased significantly from a baseline average of 4% of residents per week (11/277), to 33% (76/233; Z=8.57, p=0.00001) in the month following PDSA cycle #1, and 39% (258/ 667; Z=10.76, p-0.00001) over two months following PDSA cycle #2. By the second HFAP eligibility event, 80% of participants submitted HFAP applications within 1 month of enrollment in the housing program. Conclusions: Insurance documentation protocols and a novel collaboration with the county health department, improved the ability of one transitional housing program's medical home to recognize and rapidly respond to the uninsured status of homeless youth. These interventions provide a unique model for other programs aiming to reduce health care access inequities among under-served populations.",2021,,"Journal of Adolescent Health, suppl. Mapping an Agenda to Transform the Future of Adolescent Health",68,2S,,2522424697,,,#3113,Heathcote 2021,,
Promoting Personal Growth in Young People Experiencing Homelessness Through an Outdoors-Based Program,"Parry, Benjamin John","Outdoors-based youth development programs demonstrate the efficacy to improve indicators of personal growth and mental health in a range of disadvantaged young people. However, the most marginalized young people in society, who stand to benefit the most from such initiatives, remain underrepresented in the research. My Strengths Training for Life (MST4Life) is a positive youth development (PYD) intervention for young people experiencing homelessness that incorporates a life skills program and an outdoor adventure education (OAE) course. The current study presents a qualitative investigation of the OAE course to understand its role in promoting positive changes for participants. Reflexive thematic analysis led to the development of inductively driven themes which were conceptualized based on relevant theories (e.g., relational developmental systems) and models (e.g., 5 Cs of PYD). Findings highlight the benefits of a preceding life skills program to psychologically prepare participants to thrive in the unfamiliar setting of the outdoors and related challenges. During the course, adaptive developmental regulations supported participants’ basic psychological needs and fostered personal growth. Improvements in social competence was a common theme across participants and played a pivotal role in facilitating balanced development across the 5 Cs. In addition, experiences during the course promoted indicators of mental health and intentions to make positive lifestyle changes. Implications of these findings are discussed in relation to making outdoors-based youth development courses more accessible for marginalized young people, as well as how OAE and PYD programs can add value to the youth homeless sector.",2021,,Journal of Youth Development,16,5,157-192,3124249691,10.5195/jyd.2021.1061,,#3115,Parry 2021,,
But How Homeless Are You? Toward a More Just and Effective Response to Youth Homelessness,Holtschneider Casey,"Each year, an estimated 4,200,000 unaccompanied youth ages 13 to 25 experience homelessness in the United States. The threats facing young people in housing crisis are many, and their potential impacts, harrowing. Youth are at high risk for physical and sexual victimization, mental and physical illness, and involvement with the criminal legal system and face serious threats to their education, their future economic stability, and their lives. Despite these dangerous consequences, the response to this issue in the United States continues to lack urgency, meaningful investment, and empirical support. This article critically examines the current approach to services for youth in situations of homelessness in the United States. Directly informed by the lived experiences of young people, it calls for a shift in understanding of the nature and scope of the problem and, consequently, the practice and policy strategies being implemented to address it. Specifically, the U.S. Department of Housing and Urban Development’s definition of homelessness, along with corresponding procedures that further limit access to services, is examined in a call to change course in response to youth homelessness.",2021,,Behavior and Social Issues,30,1,139-147,2624217073,10.1007/s42822-021-00053-3,,#3117,HoltschneiderCasey 2021,,
EMPOWERING PARENTS FOR WELLNESS IN SHELTER (EMPOWER): DEVELOPMENT AND IMPLEMENTATION OF A HEALTH EMPOWERMENT PROGRAM FOR PARENTING HOMELESS YOUTH,"O'Brien, Janna R Gewirtz, MD; Brar, Pooja, PhD; Worley, Jennifer, APRN, CNP; Basham, Michelle, MPA/Esq; Kelly, Emily, MPH; McRee, Annie-Laurie, DrPH; Mehus, Christopher J, PhD, LMFT","Purpose: Approximately 700,000 U.S. adolescents (aged 13-17) face homelessness annually. Among them, 10% of females and 3% of males are either pregnant or parenting, posing a multi-generational threat to health. Yet, there are few programs to improve health among parenting homeless youth and their children. To address this gap, an urban youth shelter launched a new transitional housing program for parenting youth with programming to improve parent and child health, and reduce unplanned subsequent pregnancies. The purpose of this community-engaged study was to adapt and implement an evidence-supported health empowerment program for pregnant and parenting youth living in shelter, and assess the program's feasibility and acceptability. Methods: Guided by the Exploration, Preparation, Implementation, Sustainment (EPIS) framework for implementation research, we conducted a mixed-methods community needs assessment employing key informant interviews, focus groups, and/or questionnaires with three stakeholder groups: previously or currently homeless youth (n=17), shelter staff (n=20), and community experts (n=5). The needs assessment focused on program content and design. We analyzed data using content analysis (qualitative data) and descriptive statistics (quantitative data). A community-based team, including youth, staff, clinicians and researchers, selected an existing evidence-informed curriculum for a unified group-based intervention and tailored the intervention to address stakeholder-identified content areas and elements of program design. We further adapted the program using interviews, informal focus groups and surveys with youth participants (n=5) and program staff (n=5). All youth were female and pregnant or parenting, with children ages 0-3. Results: Our needs assessment identified several content areas of importance, including sexual health (e.g., healthy sexuality, relationships), mental health (e.g., post-partum mood concerns, trauma), and child health. Youth and staff identified several priorities for the program's design including that it should: be adaptable; incorporate a strengths-based, culturally-competent, and traumainformed approach; develop skills around both health and health care; leverage the key role of staff in promoting youth health; and integrate youth voice. Preliminary implementation data revealed that the program was acceptable to youth and staff, and aligned with the mission of the housing program. During implementation, group facilitators adapted the intervention to further integrate child- and mental-health content in response to participants' feedback and requests. With respect to program structure, participants: favored shorter sessions (1 hour), requested consistent female leaders, appreciated access to healthcare providers (group co-facilitators), and recognized the importance of childcare during sessions. Conclusions: Though youth parents and their children living in shelter face significant health risk, our initial findings suggest that health empowerment programming may be a feasible means of fostering resilience among this vulnerable population. Parents in the study expressed an interest in improving their own health and that of their child. Using the EPIS framework, this work highlights the importance of engaging youth, staff and community partners at all stages of a programdfrom initial exploration through program implementation. Future directions include: conducting ongoing feasibility evaluation, planning for sustainment, and scaling the intervention to similar transitional housing settings for parenting youth.",2020,,Journal of Adolescent Health,66,2S,,2375481745,,,#3148,O'Brien 2020,,
"Peer Support in the Homeless Youth Context: Requirements, Design, and Outcomes: C & A","Kidd, Sean A; Vitopoulos, Nina; Tyler, Frederick; Daley, Mardi; Peters, Kamika; Clarc, Khaled; Cohen, Sue; Gutierrez, Rose; Scott, Leon; McKenzie, Kwame","Peer support has a lengthy history in health and community services with particular prominence in areas such as addictions and mental health services. This growth in emphasis and evidence has not been mirrored in the area of youth peer support broadly nor peer support among homeless youth specifically. This situation has persisted despite the growing emphasis on youth lived experience engagement—including peer support. This paucity of literature framed the rationale for the present paper that provides a description of the structure, processes, and preliminary outcomes of an intentional peer support program delivered in the context of tertiary prevention of youth homelessness in a large Canadian urban setting. Pre-post findings for a cohort of 28 youth are reported in key mental health and community engagement domains and qualitative data from interviews with participants, peer supports, and staff are presented. These findings suggest that peer support would seem to be both a feasible and potentially impactful part of the repertoire of interventions from service to policy levels that are needed to address the complex and persistent global problem of youth homelessness. While promising, our work also suggests that peer support cannot be an afterthought-type element of programming but must be robust in process and structure to facilitate improvement for service recipients, the wellness of the peers, and the benefits for the team as a whole that results from effective peer engagement.",2019,,Child & Adolescent Social Work Journal,36,6,641-654,2188819525,10.1007/s10560-019-00610-1,,#3153,Kidd 2019,,
"Understanding Organizations Serving Runaway and Homeless Youth: A Multi-setting, Multi-perspective Qualitative Exploration: C & A","Gwadz, Marya; Freeman, Robert; Leonard, Noelle R; Kutnick, Alexandra; Silverman, Elizabeth; Ritchie, Amanda; Bolas, James; Cleland, Charles M; Tabac, Lara; Hirsch, Margo; Powlovich, Jamie","Runaway and homeless youth (RHY) are dependent on the specialized settings that locate, engage, and serve them. Yet, little research has focused on the features of effective settings for RHY. The present qualitative study, grounded in the Youth Program Quality Assessment model, explored characteristics of higher quality organizations for RHY and gaps that remain from staff and RHY perspectives. A total of 29 diverse settings serving RHY in New York State were randomly selected for participation, and ranked on a quantitative program quality index. Within settings, we conducted in-depth semi-structured interviews with program administrators (N = 30) and other staff (N = 24). Focus group interviews were conducted with RHY (N = 13 focus groups; N = 84 RHY). Data were analyzed using a systematic content analysis approach that was both theory-driven and inductive, comparing higher to lower quality settings. We found all settings provided vital services and experienced challenges, but higher quality settings ameliorated challenges through (1) a youth-centered program philosophy equally understood by staff and RHY; (2) developmentally appropriate relationships between staff and RHY that promoted autonomy; (3) a focus on short- and long-term goals within anticipated crises; and (4) ongoing internal quality assessment procedures. Within lower quality settings we found (1) difficulties retaining effective staff and (2) a primary focus on basic services and managing crises, but less attention to emotional support, exacerbated by (3) funding and other challenges emerging from the larger environment. The present study extends the literature on organizations for RHY by identifying characteristics of higher quality settings, and challenges that remain.",2019,,Child & Adolescent Social Work Journal,36,2,201-217,2070618709,10.1007/s10560-018-0563-3,,#3160,Gwadz 2019,,
UTILIZATION OF SOCIAL NETWORK ANALYSIS TO UNDERSTAND BIRTH CONTROL UPTAKE IN YOUTH WHO EXPERIENCE HOMELESSNESS,"Nelon, Jordan, MPH; Garney, Whitney, PhD, MPH; Aparicio, Elizabeth, MSW, PhD; Phillips, Danielle, MSW; Wilson, Kelly, PhD; Garcia, Kristen, MPH; Anderson, Kent, CVM","Purpose: Within the U.S., 4.3% of 13-17-year old's and 12.5% of 18-25year old's experienced homelessness during the past year. Female homeless youth become pregnant at a rate five times greater than that of the general U.S. population, with nearly half becoming pregnant at least once during adolescence. Developing trusted, healthy relationships is a challenge for youth who are homeless. Networks can represent a potentially diverse groups of people who provide tangible or intangible resources to the individual, but also may encourage engagement in unhealthy or risky behavior. This exploratory study examines implementation data from a teen pregnancy prevention program to better understand how homeless youth social networks share information and how that information can impact the uptake of birth control. Methods: To measure interpersonal relationships, we used a social network analysis (SNA) to assess the quality and strength of peer relationships. SNA is an ideal technique for this study because the study population is part of a bounded network defined by program participation. Eleven 14 to 18 years old participants took part in this study. Most participants were sexually active (n=9) and had first engaged in consensual sex at 13 to 18 years (M=15 years) of age. None of the participants were using birth control before the program. Data were collected through interviews and participants were asked which peers in the program they knew, who they trusted, and if they shared (or received) information on birth control. Data was symmetrized and density and centrality statistics were analyzed. Results: At the end of the program, 73% of the network participants were on some type of birth control at one-month follow-up. However, network density showed that only 14.3% of the network shared information about birth control. To understand if one or a few people controlled the information, centralization was analyzed on birth control information sharing. The whole network centralization was 0.339. This means that the sharing information network was centralized (> than 0.25). Degree centrality was then examined to understand who controlled information flow. One participant had a degree of 8 ties and four others had a degree of 5 ties each. Four of these 5 participants adopted some form of long-acting reversible contraception (LARC) by the end of the program. One person was using condoms. Conclusions: While overall network density was not very high, centralization was significant which means that a few key players controlled the information flow. The majority of these individuals (4 of 5) adopted LARC by the end of the program, which may indicate that the information they shared with their peers about birth control influenced other youth's decisions on adoption. This exploratory study expands the limited research on the impact of social support on homeless youth and pregnancy prevention. 73% birth control utilization, one-month post-intervention, among a high-risk subpopulation that was not previously on birth control represents important findings for research on homeless youth.",2019,,Journal of Adolescent Health,64,2S,,2188166763,,,#3165,Nelon 2019,,
UTILIZATION OF SOCIAL NETWORK ANALYSIS TO UNDERSTAND RELATIONSHIPS IN PROGRAM MEASURES FOR YOUTH WHO EXPERIENCE HOMELESSNESS,"Nelon, Jordan L, MPH; Garney, Whitney, PhD, MPH; Aparicio, Elizabeth, MSW, PhD; Patterson, Megan, PhD, MPH; Kachingwe, Olivia, MPH; Wilson, Kelly, PhD; Garcia, Kristen, MPH","Purpose: Youth homelessness is a severe problem in the United States, wherein 4.3% of 13-17-year olds and 12.5% of 18-25-year olds experienced homelessness in the past year. Compared to the general U.S. population, homeless female youth are five times more likely to become pregnant. Limited research exists about the social networks of homeless youth, which can provide access to resources and information, as well as influence behaviors. The current study was designed to better understand social network properties among homeless female youth as they participated in a teen pregnancy prevention program. Methods: The study used a social network analysis (SNA) to assess the quality and strength of relationships between program participants. SNA was an ideal technique because the study population was part of a network bounded by program participation. 11 participants (n=11) took part in data collection who were 14 to 18 years old. Most participants were sexually active (n=9) and first engaged in consensual sex at 13 to 18 years (M=15 years) of age. None of the participants were using birth control before the start of the program. To illustrate the connections among our sample, we created three unique networks. This was achieved by giving participants a roster of everyone in the study and asking who they knew (closeness), if they trusted them (trust), and if they shared information about sexual health. Quadratic assignment procedures (QAP) correlation analyses compared closeness and trust networks with the information sharing network, revealing how similar connections were between networks. QAPs are permutation tests that analyze bivariate correlations between two or more networks. Results: At the end of the program, there was a 73% uptake of birth control at the one-month post. QAP correlations revealed that trust was positively, but weakly associated with sharing information about sexual health (QAP r= 0.36, p=.008). QAP correlations also indicated that sharing information about sexual health was not associated with the closeness or knowing the other participants (QAP r=0.007, p=.157). Lastly, QAP correlation analysis showed that closeness was weakly and negatively associated to trust in other participants (QAP r=-0.114, p=.056). Conclusions: Results show the trust network and the information sharing network were significantly correlated in our sample, suggesting homeless, female youth are more likely to share information about sexual health to the people they trust, but not necessarily to those they are close to. Further, the closeness and trust networks were negatively correlated, indicating youth did not trust those they were closest to. While we expected trust and information sharing networks to be correlated, the negative correlation between trust and closeness was surprising. A gap between closeness and trust could be because homeless youth tend to be hurt or ostracized by previous close relationships, or because they are protective of themselves and their belongings, inhibiting trust to formulate when people get too close. Future research could further examine this social phenomenon in our population and result in better health programming and interventions for homeless youth.",2019,,Journal of Adolescent Health,64,2S,,2188164861,,,#3166,Nelon 2019,,
Implementing housing first with families and young adults: challenges and progress toward self-sufficiency,"Collins, Cyleste C; Bai, Rong; Crampton, David; Fischer, Robert; D'Andrea, Rebecca; Dean, Kendra; Lalich, Nina; Chan, Tsui; Cherney, Emily","The Housing First approach has shown promise in helping to combat homelessness among chronically homeless single males, but less is known about the approach when it is applied to families and young adults. This study examined data from a pilot Housing First program that served 78 families (n = 63) and single young adults (n = 15) with homeless histories and mental health and/or substance use disorders to explore program functioning and client service use patterns. Using an exploratory sequential mixed methods research design (Creswell & Plano Clark, 2011), qualitative interview data were conducted first, and quantitative administrative data and qualitative progress note data were then analyzed to explore ideas presented in the qualitative interviews. The in-depth qualitative interviews with staff (N = 9) collected information on program functioning and client successes and challenges. Quantitative data were collected on all 78 clients and sources included administrative data about return to homelessness, child welfare involvement, receipt of public assistance, and interactions with case managers. Qualitative exploration of a sample of client progress notes (N = 32) then followed. Integrating the findings, interviews suggested that clients faced many challenges, especially those related to having little to no income, multiple children, and stigmas, but that “success” would be indicated by needing their case managers less over time. We found that 89% remained enrolled in the program, 21% returned to shelter at some point, child welfare involvement decreased, and public assistance receipt increased after program entry. Content analysis of case management notes indicated that case managers worked with clients to develop independent living skills to improve clients' chances for becoming sufficient over the long-term.",2019,,Children and Youth Services Review,96,,34,2195896910,10.1016/j.childyouth.2018.11.025,,#3168,Collins 2019,,
Improving Health While Saving Money: Lessons Learned from a Supportive Housing Program for Young Adults with HIV,"Dodd, S J; Ruffins, Jeannette; Arzola, Denise","The Bailey House Success Through Accessing Rental Assistance and Support (STARS) Program is a 20-unit scatter-site permanent supportive housing program for homeless or unstably housed HIV-positive young adults ages 18–24. A harm reduction and strength-based approach is utilized to connect HIV+ individuals with medical care and other services while ensuring housing stability. An intensive case management team provides support such as home visits, case monitoring, accompaniment to appointments, and referrals to health and social service resources within the community. This program evaluation used clinical data mining (CDM) to implement a Return-on-Investment (ROI) analysis of the STARS supportive housing program. The evaluation compared program costs to “services as usual” through the NYC shelter system. The STARS program served 27 individuals, achieving 25 successful outcomes, during 3 years. The program’s total value (savings relative to shelter costs) yielded a 1.32 ROI. The results support practice and policy advocacy initiatives promoting supportive housing and housing first initiatives as a viable method to reduce homelessness and as a structural intervention to improve health outcomes for young people with HIV.",2018,,Sexuality Research & Social Policy,15,2,163-171,2023987452,10.1007/s13178-017-0287-8,,#3188,Dodd 2018,,
Heterogeneous trajectories of suicidal ideation among homeless youth: Predictors and suicide-related outcomes.,"Wu, Qiong; Zhang, Jing; Walsh, Laura; Slesnick, Natasha","The current study examined heterogeneous trajectories of suicidal ideation among homeless youth experiencing suicidal ideation over 9 months in a randomized controlled intervention study. Suicidal homeless youth (N = 150) were randomly assigned to Cognitive Therapy for Suicide Prevention (CTSP) + Treatment as Usual (TAU) or TAU alone. Youth reported their suicidal ideation four times during a 9-month period. We also assessed pretreatment mental health, demographic information and session attendance as predictors of the subgroups, as well as suicide-related factors as outcomes at the 9-month follow-up. Growth mixture models suggested three distinct trajectory groups among youth: Fast Declining (74.7%), Chronic (19.3%), and Steadily Declining (6.0%). Youth in the Chronic group used more substances at baseline than the Steadily Declining group, were more likely to be White, non-Hispanic than the Fast Declining group, and attended more CTSP sessions than other groups. Contrastingly, youth in the Steadily Declining group all experienced childhood abuse. Finally, youth in the Chronic group showed significant higher risk for future suicide compared to those in the Fast Declining group at 9 months. Findings support the heterogeneity of treatment responses in suicide intervention among homeless youth, with implications to improve treatment efforts in this very high-risk population. (PsycInfo Database Record (c) 2022 APA, all rights reserved)",2022,,Development and Psychopathology,,,No-Pagination Specified-No Pagination Specified,,10.1017/S0954579422000372,,#3198,Wu 2022,,
"Corrigendum to “The My Strengths Training for Life™ program: Rationale, logic model, and description of a strengths-based intervention for young people experiencing homelessness” [Evaluation and Program Planning 91 (2022) 102045].","Cumming, Jennifer; Whiting, Richard; Parry, Benjamin J.; Clarke, Fiona J.; Holland, Mark J. G.; Cooley, Sam J.; Quinton, Mary L.","Reports an error in ""The My Strengths Training for Life™ program: Rationale, logic model, and description of a strengths-based intervention for young people experiencing homelessness"" by Jennifer Cumming, Richard Whiting, Benjamin J. Parry, Fiona J. Clarke, Mark J. G. Holland, Sam J. Cooley and Mary L. Quinton (Evaluation and Program Planning, 2022[Apr], Vol 91, 1-12). The authors regret an error in the affiliations was noted in the original article. For those affiliated with institution a , this should read University of Birmingham not University of Leicester. (The following abstract of the original article appeared in record 2022-51900-001). Traditionally, UK housing services have focused on providing temporary accommodation, identifying risk factors, and preventing negative outcomes to young people experiencing homelessness. However, deficit approaches may lead young people to becoming dependent on services and face greater marginalization and stigmatization. Meeting long-standing calls to focus more on young people’s positive attributes and abilities, the My Strengths Training for Life™ (MST4Life™) program was developed as a community partnership with a large housing service. This paper describes the rationale, logic model, and content of the MST4Life™ program using the TIDieR (Template for Intervention Description and Replication) checklist. MST4Life™ is a strengths-based and experiential psychoeducation intervention for young people aged 16–24 years who are homeless or at risk. Grounded in positive youth development and basic psychological needs theory, its aim is to provide meaningful opportunities for participants to recognize, use, and further develop their mental skills and strengths. In turn, enhancing intentional self-regulation is expected to improve physical, mental, and social health and wellbeing, and support positive transitions to independent living. The potential long-term impacts include a reduction in the number of young people returning as homeless, lower rates of mental illness and mortality, and a cost saving to the public purse. (PsycInfo Database Record (c) 2023 APA, all rights reserved)",2023,,Evaluation and Program Planning,97,,1-Jan,,10.1016/j.evalprogplan.2022.102219,,#3201,Cumming 2023,,
Adapting and Pilot Testing a Parenting Intervention for Homeless Families in Transitional Housing,"Holtrop, Kendal; Holcomb, Jamila E.","Intervention adaptation is a promising approach for extending the reach of evidence-based interventions to underserved families. One highly relevant population in need of services are homeless families. In particular, homeless families with children constitute more than one third of the total homeless population in the United States and face several unique challenges to parenting. The purpose of this study was to adapt and pilot test a parenting intervention for homeless families in transitional housing. An established adaptation model was used to guide this process. The systematic adaptation efforts included: (a) examining the theory of change in the original intervention, (b) identifying population differences relevant to homeless families in transitional housing, (c) adapting the content of the intervention, and (d) adapting the evaluation strategy. Next, a pilot test of the adapted intervention was conducted to examine implementation feasibility and acceptability. Feasibility data indicate an intervention spanning several weeks may be difficult to implement in the context of transitional housing. Yet, acceptability of the adapted intervention among participants was consistently high. The findings of this pilot work suggest several implications for informing continued parenting intervention research and practice with homeless families in transitional housing.",2018,,Fam Process,57,4,884-900,,10.1111/famp.12341,,#3203,Holtrop 2018,,
College focused rapid rehousing: Deploying an existing community model to address homelessness on campus,"Baiocchi, Arturo; Curry, Susanna; Crutchfield, Rashida; Wolin, Jessica; Wilking, Jennifer; Roll, Susan","Research indicates that financial and housing insecurity challenges are widespread on most college campuses throughout the U.S. However, there is wide variability in how campuses address these challenges. This study reports on a three-year implementation of the College-Focused Rapid Rehousing pilot; an initiative in California by which universities commissioned community providers to assist students in need via a modified Rapid Rehousing (RRH) intervention. RRH is a widely implemented intervention that combines move-in assistance, short-term rental subsidies, and ongoing case management, to help individuals quickly transition into stable housing. The mixed-methods evaluation included analyses of online surveys (n = 141), administrative records (n = 368), and focus groups conducted with staff across eight campuses (n = 35). Survey findings indicate that CFRR programs assisted a diverse group of students with similar histories of housing insecurity. Quantitative analyses also show that most participants experienced the intervention as designed, though with some inconsistencies in how quickly some were assisted. Qualitative findings highlight contextual factors that affected the consistency of the intervention, including tight rental markets and philosophical disagreements among administrators about the intervention's scope. Despite study limitations, findings provide insights into the applicability of the RRH model on campus settings and directions for future research.",2024,,J Prev Interv Community,52,1,122-142,,10.1080/10852352.2024.2315369,,#3480,Baiocchi 2024,,
I'm just trying to stay: Experiences of temporal uncertainty in modular and supportive housing among young people who use drugs in Vancouver,"Manson, Daniel; Kerr, Thomas; Fast, Danya","Over the past decades the city of Vancouver has attempted to address a lack of affordable housing for it most marginalized citizens, including young people who use drugs (YPWUD), by expanding access to temporary modular and supportive housing. These projects are guided by a Housing First philosophy that recognizes housing as a key social determinant of health. In this commentary, we draw attention to how, rather than providing a clear pathway to greater stability, modular and supportive housing have become part of broader ""institutional circuits"" that reinforce residential transience and what we call ""temporal uncertainty."" We use this term to describe a painful and frustrating inability to move though time in desired ways despite the promise of greater stability that housing is supposed to engender. Rather than allowing young people to establish more predictable day-to-day rhythms and routines and enact the futures they imagine for themselves, residing in modular and supportive housing environments often generates significant instability and uncertainty. We believe that Housing First interventions have significant potential to reduce harms and improve outcomes for YPWUD. However, chronic temporal uncertainty must be addressed, including through the creation of more permanent, desirable social housing, extending supports to young people beyond tenancies, and working with them to develop timelines and plans for what happens next.",2022,,Int J Drug Policy,110,,103893,,10.1016/j.drugpo.2022.103893,,#3507,Manson 2022,,
An innovative approach to address homelessness in regional Australia: Participant evaluation of a co-payment model,"Jacups, S.; Rogerson, B.; Kinchin, I.","OBJECTIVES: Homelessness is not only about lack of secure housing, it is sometimes caused by simple reasons such as lack of money to travel home. The purpose of this study was to investigate whether the participant co-funded assistance program ('Return to Country' [R2C]), when offered to low socio-economic individuals experiencing homelessness, represented an effective use of scarce resources.STUDY DESIGN: In northern Australia, a remote and sparsely populated area, Indigenous persons who travel to regional centres cannot always afford airfares home; they therefore become stranded away from their 'country' leading to rapidly deteriorating health, isolation and separation from family and kin. The R2C program was designed to facilitate travel for persons who were temporarily stranded and were voluntarily seeking to return home. The program provided operational support and funding (participants co-funded AU$99) to participants to return home.METHODS: Using a descriptive, case series research design, university researchers independently evaluated the R2C program using semi-structured interviews with 37 participants.RESULTS: An investment of AU$970 per participant in the program with partial co-payment was associated with high participant acceptability and satisfaction in-line with harms reduction around substance and criminal abuse, which is suggestive of long-term success for the model.CONCLUSIONS: Findings from this study can contribute to the development of best practice guidelines and policies that specifically address the needs of this unique population of stranded persons, who are seeking to return home. The acceptance of the co-payment model can be adopted by policy makers involved in homelessness prevention in other locations in Australia or internationally as an add-on service provision to mainstream housing support.",2018,,Public Health,156,,26-33,,10.1016/j.puhe.2017.11.021,,#3516,Jacups 2018,,
Housing and supportive services for young mothers experiencing substance use disorder and homelessness: Cost-effectiveness analysis of a randomized trial,"Yilmazer, Tansel; Zhang, Jing; Chavez, Laura; Famelia, Ruri; Feng, Xin; Ford, Jodi; Kelleher, Kelly; Slesnick, Natasha","BACKGROUND: Mothers experiencing homelessness and caring for young children struggle with high rates of substance use and mental health problems. A comprehensive supportive housing intervention was implemented to assist young mothers experiencing substance use disorder (SUD) and homelessness. The cost-effectiveness of this intensive intervention could inform future dissemination.METHODS: A cost-effectiveness analysis was conducted alongside a randomized controlled trial that lasted from May 2015 to October 2018. Mothers experiencing homelessness between the ages of 18-24 years with a SUD were randomly assigned to housing+support services (HOU + SS) (n = 80), housing-only (HOU) (n = 80), or services as usual SAU (n = 80). Using incremental cost-effectiveness ratios (ICERs), the study compared the costs of HOU + SS and HOU to SAU for three outcomes: housing stability (percent days of stable housing), substance use (percent days of substance use), and depressive symptoms (Beck Depression Inventory score). Direct intervention costs of HOU + SS and HOU from both payor and societal perspectives were estimated. Cost data were collected from detailed study financial records. Outcomes were taken from 6-month assessments.RESULTS: The average societal cost of HOU + SS per participant was $5114 [CI 95 %, $4949-5278], while the average societal cost of HOU was $3248 [CI 95 %, $ 3,140-$3341] (2019 U.S. dollars). The calculated ICERs show that HOU was more cost-effective than HOU + SS and SAU for housing outcome. For illicit drug use, HOU + SS was more cost-effective than HOU. Finally, for depressive symptoms, neither HOU + SS or HOU were more cost effective than SAU.CONCLUSION: While HOU is more cost-effective for increasing housing, HOU + SS is more cost-effective for reducing illicit drug use. However, housing without improvements in substance use may not be sustainable, and supportive services are likely essential for improved well-being overall beyond the housing outcome alone.",2024,,J Subst Use Addict Treat,166,,209494,,10.1016/j.josat.2024.209494,,#3630,Yilmazer 2024,,
